"","Scenario","Time","AGB_M","AGB_SD","SRR_M","SRR_SD","Min_rate_M","Min_rate_SD","Fungi_M","Fungi_SD","GF_M","GF_SD","Lichen_M","Lichen_SD","Aesthetic_M","Aesthetic_SD","Recreation_M","Recreation_SD","Fungi_val_M","Fungi_val_SD","Carbon_stock_M","Carbon_stock_SD","Nitrogen_stock_M","Nitrogen_stock_SD","Timber_M","Timber_SD","Tree_richness_M","Tree_richness_SD"
"1","Scenario 1",0,239.154498588797,77.8612276193921,4.39935986539137,0.18696214371535,18.324428731048,3.08561891645979,2.29338410158213,0.18299507915934,11.8028234952373,2.60351822407289,33.5850113327734,2.08345643466377,4.11113356950572,0.155869990203008,4.14762924606448,0.333912942351404,0.781009168340897,0.230295510069669,260.749451331596,52.2517276498175,598.594941380808,164.127751909076,344.991306886393,161.493069786217,21.8670574612824,4.54671072368134
"2","Scenario 1",1,242.251232450427,77.8341907252358,4.4067793327118,0.187019351232809,18.2029174081229,3.09314204379308,2.30083222162391,0.181378313546958,11.6965379941559,2.5843976726602,33.669635906423,2.05317022228382,4.11741372626468,0.155154074730946,4.16131621083942,0.330480422703357,0.789950654598307,0.232086438685056,261.658702091475,51.5891199711041,601.033626429295,164.52670479121,348.667724189536,162.250331769283,21.8670574612824,4.54671072368134
"3","Scenario 1",10,266.418115561828,75.9964158668907,4.46480887156115,0.183498872579006,17.2456429785293,3.08307986905671,2.35730543454857,0.165693213245116,10.8875135298708,2.39213268445665,34.2999814250909,1.78508907442692,4.16573223703345,0.146634942823624,4.26463405260191,0.298461945034316,0.861574805677364,0.240573361333759,277.00856176726,46.8575142519816,622.82768128528,165.008371960507,378.753640949048,165.371724409476,22.3784315144498,4.71653887951917
"4","Scenario 1",100,391.415479362667,34.1306576177765,4.76972472883595,0.0848959647057273,11.9590085224016,1.55875421001974,2.58785518706024,0.0419883029512358,7.37863767599784,0.757809850065161,36.2980949173087,0.11174506250633,4.38970768847812,0.0523880018173534,4.67040963870777,0.0711937306927527,1.30837682481558,0.151514507354396,400.997814360496,44.2818896131917,856.032656679693,188.64757596723,591.279861965313,144.917612752296,21.0139793506055,4.66826170409671
"5","Scenario 1",11,269.353587434264,75.8982876783664,4.47188750786406,0.183370448833419,17.1272591978568,3.08673145745038,2.36377842034418,0.164098983229419,10.7937233165258,2.37363867524889,34.3689808193878,1.75566411408897,4.1714383058709,0.145857486619492,4.27636066572203,0.295173350550292,0.870732115837322,0.242005454766145,279.236945686785,46.4141740605762,625.482245380422,164.969515789175,382.835386500654,165.973514182223,22.4288005982535,4.72550441262114
"6","Scenario 1",12,272.277150226757,75.7921030471861,4.47894228742633,0.183221608956987,17.0090140846188,3.0899869731579,2.37016245488349,0.162498462009032,10.7010220324574,2.35509204706241,34.436446013807,1.72619371495505,4.17709478725814,0.145069582212632,4.28790698616247,0.291881752687206,0.879928104034251,0.24340344596402,281.494085890385,45.9707425632116,628.190433975008,164.951761521695,386.941413547333,166.568713501533,22.4651782698895,4.74061033616745
"7","Scenario 1",13,275.179593091137,75.6689973052202,4.48595048952348,0.18303059243028,16.8913149103927,3.09246146894611,2.37644379907087,0.160876561895484,10.6096267377505,2.33625345356994,34.5022876932396,1.69655918134388,4.18268655294425,0.144255988720048,4.29925038050219,0.288560354650737,0.889126378870733,0.244732430349365,283.769265969508,45.5194605048654,630.917577314614,164.912687251219,391.049692861667,167.14313823086,22.4654556858204,4.73963519903847
"8","Scenario 1",14,278.051686387321,75.524949251324,4.49288950027242,0.182787206036351,16.7745590116453,3.09395747701744,2.38260671005298,0.159230325797506,10.5197786206923,2.31705370714602,34.5663784240528,1.66678455125586,4.18819760068441,0.143411492905147,4.31036370146187,0.285204746559488,0.898292711680274,0.245970789142668,286.051737359483,45.0584557325329,633.698296907415,164.887086169093,395.142927140704,167.681448554665,22.4733801321947,4.73388467753711
"9","Scenario 1",15,280.88712708062,75.3575288392862,4.49974379947106,0.1824852826365,16.6590231388005,3.0943551751773,2.3886414286424,0.157558042151455,10.4316305254106,2.29745077324012,34.6286499089667,1.63688359698111,4.19361742136846,0.142532968887855,4.32123060236595,0.281812078316444,0.90740259115754,0.24710507768734,288.333578737878,44.5851455651319,636.498462150818,164.841614570301,399.211756870106,168.178569915081,22.4870217590582,4.73007904144107
"10","Scenario 1",16,283.682537499397,75.1670719385343,4.50650503579227,0.182125496402363,16.5448580114657,3.09365877399784,2.39454316818597,0.155862300828224,10.3452580893752,2.27747426462842,34.6890725514154,1.60689933900826,4.19894057468813,0.141621820922583,4.33184346976175,0.278387289648667,0.916442475682277,0.248133916243401,290.610633207893,44.1009721178922,639.30182250205,164.799495211967,403.249246789763,168.628935444597,22.4872991749891,4.72916161592376
"11","Scenario 1",17,286.438469942587,74.9522343145692,4.51317429186789,0.181704753214394,16.432058868188,3.09182421177596,2.40031636027802,0.15413799142859,10.2606045200717,2.25705370618883,34.747719160748,1.57675449819759,4.20416949116734,0.140674571411388,4.34221156054105,0.274919960132101,0.92541047065277,0.249054696795416,292.87943645969,43.605801770123,642.140688473971,164.743614501888,407.249816893094,169.036862620851,22.4955251604188,4.71468315819916
"12","Scenario 1",18,289.149061803445,74.7158633660464,4.51973728003739,0.181229738891972,16.3208727162888,3.08895379481479,2.40595001818239,0.152393762413778,10.1778328394143,2.23630407824441,34.8044869835594,1.54656151358413,4.20929359455845,0.139697743934081,4.3523157788802,0.271426262637418,0.934286164173004,0.249873099315329,295.134563057847,43.1046837897811,644.991824673132,164.686369591418,411.211245727137,169.405432847061,22.503220437111,4.70027671553183
"13","Scenario 1",19,291.817271590196,74.4616586918038,4.52620112708624,0.180709779098087,16.2111807630764,3.08522537182663,2.41145076113113,0.15063275359002,10.0968423104885,2.21528911254342,34.8594398081058,1.51630385742469,4.21431868745105,0.138696367340867,4.36216876819624,0.267910713743228,0.943079180617173,0.250607278294589,297.375719339509,42.6007452020191,647.859650455927,164.624456677484,415.135100143732,169.740165882615,22.5040768080282,4.69818396129145
"14","Scenario 1",2,244.409279273411,77.314148251864,4.41193051333281,0.185847740982744,18.1195941142933,3.07794907051467,2.30627137655755,0.179166028155009,11.6196459101179,2.55512058308944,33.7335992952625,2.02081149279908,4.12189561004863,0.153693516755756,4.17138919002261,0.326126984421962,0.795883442113264,0.23169769816486,262.508350750229,50.8414456397935,603.276817677426,164.732248440586,350.660719281195,161.9936198983,21.9508732571043,4.43906339925727
"15","Scenario 1",20,294.437282916003,74.1896338009811,4.53255150570387,0.180144739074018,16.1032387709785,3.08062785631961,2.41680965307099,0.148857186876587,10.0177737814916,2.19403118169008,34.9125174668178,1.48602426417756,4.2192351119782,0.137671385255332,4.37175577711073,0.26437789662386,0.951766787738948,0.251254286422195,299.597266041878,42.0964792485382,650.729617166015,164.542852445508,419.016568720575,170.04649538296,22.5362449944517,4.70425728635388
"16","Scenario 1",21,297.017804602692,73.8989488752927,4.53880932514833,0.179533165501015,15.996701941527,3.07516760132817,2.42204707537994,0.147057888965508,9.94033239080217,2.17242444721213,34.9639438054388,1.45555158914228,4.22406030955616,0.136618061103931,4.3811146635335,0.260809373208632,0.96037507966229,0.251820776045556,301.800824926424,41.5906354224175,653.575703189077,164.461679552275,422.851223954278,170.322043674604,22.5689921358614,4.70904763857422
"17","Scenario 1",22,299.545999469291,73.5801409780509,4.54494277770556,0.178851045320415,15.8921478542804,3.06837885620192,2.42714570842723,0.145228970880287,9.86481484022277,2.15032089999509,35.0136530020338,1.42496483248945,4.22877394218527,0.135524400751462,4.39021628834101,0.257197503313853,0.968849668171998,0.252256536030359,303.979240772905,41.0793386660919,656.460792685869,164.387423139122,426.626928207149,170.554549555412,22.5804385584021,4.70207125451213
"18","Scenario 1",23,302.02013797221,73.2314502673045,4.55094735206219,0.178093883509141,15.7896702003624,3.06017313378008,2.43210613191978,0.143369842451926,9.79123008512298,2.12769649956903,35.0616973169158,1.39428957639033,4.23337449538506,0.134388358786159,4.39906270962554,0.253541965395391,0.977179515975322,0.252551646823446,306.129518044097,40.5601474418423,659.340201186858,164.310225603188,430.339947086426,170.739071826302,22.5804385584021,4.70207125451213
"19","Scenario 1",24,304.439380409611,72.8521478084247,4.5568207455469,0.177259603071351,15.6893223667742,3.05049893274024,2.43693007698603,0.141483243908715,9.71956853410277,2.10457176569766,35.1081346238956,1.36360003537679,4.23786183801533,0.133210303517938,4.40765767986125,0.249848906694992,0.985357263299584,0.252698527821076,308.249592391567,40.0321240472176,662.211246200608,164.226908351105,433.98742377602,170.875754706768,22.5808245283929,4.70146464294991
"20","Scenario 1",25,306.803126067448,72.443208605364,4.5625613128219,0.176350680299874,15.5911424076141,3.03940456237692,2.44161875665669,0.139569872535282,9.64982064832497,2.0809602805269,35.1530016175283,1.33289045668821,4.24223587557434,0.131991482306152,4.41600424255537,0.24611933925883,0.993377979443942,0.252702190426684,310.338617214262,39.4989299849121,665.08644039176,164.127709293331,437.569244593077,170.968795215485,22.594840063685,4.68903015549352
"21","Scenario 1",26,309.114256814783,72.0079204309664,4.56817599957797,0.175375449111373,15.4950143599404,3.02705141688462,2.44617857326843,0.137632045858032,9.58189097378137,2.05691433967554,35.1963631120619,1.30214027405904,4.24650224124789,0.13073615197465,4.42411442311015,0.242356755889607,1.00125089212566,0.252579878602103,312.396277476239,38.962155089384,667.967114150625,164.037702416004,441.087441458404,171.02115121249,22.6026800791238,4.67566852573554
"22","Scenario 1",27,311.370906329908,71.5499136733989,4.57366020235423,0.174342674042501,15.4010207276622,3.01358704170266,2.45060673961313,0.135678029623048,9.51582372143855,2.03255166386247,35.2382014038761,1.27144627676817,4.25065787067589,0.129451409436662,4.43198365207432,0.238576781357482,1.00896861977514,0.252343421846431,314.421897814445,38.427352785274,670.8313009601,163.972937444167,444.544545329084,171.042492978107,22.6028248178704,4.67524520491574
"23","Scenario 1",28,313.57430018816,71.0719068920764,4.57901681861554,0.173258995964995,15.3091161541768,2.99912744384538,2.45490670496846,0.133713090316464,9.45157099952974,2.00795040987899,35.2785600110002,1.24086436542257,4.25470546391778,0.128142166484744,4.43961845584868,0.234789360633805,1.01653411735523,0.252003051162053,316.416339038452,37.8961716028806,673.680238336469,163.870504993504,447.945383654166,171.03470423126,22.6096637236455,4.66591402949584
"24","Scenario 1",29,315.724632580692,70.5771558587861,4.58424625885691,0.172132343037906,15.2192968685703,2.98380959256415,2.45907964271839,0.131743655238835,9.38911747781582,1.98320459557581,35.3174574474421,1.21046220193801,4.25864571408223,0.126814395759676,4.44702123485017,0.231006310752506,1.02394715919173,0.251570331520646,318.379163578907,37.3733708828122,676.538441404931,163.793169890571,451.288163240446,171.005212086706,22.610990495489,4.66249157012451
"25","Scenario 1",3,246.8203083659,77.0078388155339,4.41770146082992,0.185203245929619,18.0253851464351,3.07220837719484,2.31214299833295,0.177282995253247,11.5361245950347,2.53117799031295,33.8010448371704,1.99057306994442,4.12681623389717,0.152585983959567,4.18220396129214,0.322326983972679,0.802753251929013,0.232177073521617,263.725492751001,50.2529444571531,605.509257248999,164.894841030646,353.270825231885,162.119551002832,21.9661431948666,4.42154832294153
"26","Scenario 1",30,317.817566314469,70.0641722683606,4.58933767009318,0.170959245572084,15.1317654884408,2.96758196495018,2.46312107309365,0.129765042658436,9.32854583262715,1.95825042717911,35.3548966810178,1.18018027847841,4.26247234579165,0.125464590975373,4.45418551558446,0.227219079232516,1.03118794867051,0.251042626350819,320.306626694649,36.8609053943356,679.373372895257,163.732259550745,454.57876781917,170.952083235086,22.6094224924012,4.64577772153774
"27","Scenario 1",31,319.872014292951,69.5354686552863,4.59433718614161,0.169746050338671,15.0457222462249,2.9505664095744,2.46706590437255,0.127779404919592,9.26932678945958,1.93313267403968,35.3911829229656,1.15001642135301,4.26621924460676,0.124096159067083,4.46117230704078,0.223431379174904,1.03832384524227,0.250433080749153,322.20446131857,36.3579472220477,682.191363921455,163.674074729185,457.813757370959,170.875835861963,22.6098928933275,4.6442864996644
"28","Scenario 1",32,321.872609651662,68.9907911988385,4.59920708108828,0.168491740909643,14.9618339562126,2.93272421169976,2.47088889265911,0.125791271318706,9.21185834522604,1.90789100219388,35.4261350028111,1.12007202331215,4.26986017888536,0.122710772509472,4.46793808041283,0.219652106066487,1.04529600735061,0.249733488177342,324.070406691755,35.8654208688715,685.014600521059,163.624270887103,460.989494981303,170.77727772291,22.6170092150335,4.63245975885126
"29","Scenario 1",33,323.821227951464,68.4270647472829,4.60395163929467,0.167188710407921,14.880041732663,2.9139179288337,2.47459724820218,0.123796341490766,9.15605091324888,1.88244986831511,35.4598657164622,1.09033005506737,4.273400074165,0.121303493827645,4.47449613519998,0.215873831156365,1.05210604752462,0.248930803977734,325.906160430839,35.3837813880216,687.828025039803,163.570057004143,464.109718126245,170.654012367208,22.6173951850244,4.63192781475186
"30","Scenario 1",34,325.720338109712,67.8509483641496,4.60857700287664,0.165853301502571,14.800232757805,2.89443645580345,2.47819398370371,0.121805992765759,9.1018488326419,1.85698596705726,35.4923782280258,1.06088995884917,4.27684271216155,0.119885815341139,4.48085160462014,0.212116942410588,1.05876502857591,0.248050937328605,327.709274038693,34.9150704746596,690.646511796208,163.546949699889,467.173223886635,170.509139355943,22.6340883871279,4.60124751731701
"31","Scenario 1",35,327.570361304096,67.2598800705424,4.61308394288461,0.164479023161523,14.722407234434,2.87415459398896,2.48168318221951,0.119818726208829,9.04920852950788,1.83145703788381,35.5237531799785,1.03178408099958,4.28019022083524,0.118454474467452,4.48701204553003,0.208379449451024,1.06526987683743,0.247080426801527,329.480626489603,34.4593776209213,693.455694263521,163.52480845299,470.181843739087,170.343136847513,22.640927292903,4.59171737438703
"32","Scenario 1",36,329.376705323974,66.6560611581805,4.61748564583165,0.163071549286122,14.6463368062666,2.85318677299759,2.48507488424862,0.117834678406823,8.99797555775915,1.8058830546006,35.5540756697525,1.00296914067461,4.28345232347562,0.117011771686292,4.49299538024292,0.204660568775349,1.07164003411786,0.246032239643595,331.224569957061,34.0200709011355,696.240350750229,163.51127415553,473.140072344293,170.158316831104,22.6409996622763,4.59143542278521
"33","Scenario 1",37,331.140652832055,66.0408266733684,4.62178517675831,0.161634056717471,14.5719717121712,2.83158412853633,2.48837227915362,0.115857663595472,8.94810564685496,1.78031358634409,35.583384075448,0.974506164160253,4.28663166005207,0.115560606349324,4.49880731349894,0.200967680931023,1.07787897698557,0.244910021326545,332.939577616153,33.5978617438459,699.018197278912,163.519365956042,476.049630581356,169.958180920805,22.6418560331934,4.58946094493782
"34","Scenario 1",38,332.865478337434,65.4188937741593,4.62599062254868,0.160178104671114,14.4991664945646,2.80954991332713,2.49158012826726,0.113895808896954,8.89951841220248,1.75487280154892,35.6117006153688,0.946466153939434,4.28973356016767,0.114109175572235,4.5044559899347,0.197314948764776,1.08400023280353,0.243731504517961,334.62828768032,33.195204793032,701.822949534424,163.545460752832,478.914098063721,169.745741057438,22.6418560331934,4.58946094493782
"35","Scenario 1",39,334.554271433396,64.7895820533078,4.63010942175711,0.158702157863141,14.427797378656,2.78706420361285,2.49470539573666,0.111946411052826,8.85211369128295,1.72952568290276,35.6391014193661,0.918814810115327,4.29276409368073,0.112655619925381,4.50995404989549,0.193697401460732,1.09001323315971,0.242496454298882,336.292361497081,32.8131539493974,704.595324938486,163.601606914566,481.734473524591,169.521072046596,22.6590799440344,4.55668067943188
"36","Scenario 1",4,249.379375174893,76.7804765685438,4.42383507871213,0.18475410619192,17.9248061207333,3.07000552604942,2.31826767137228,0.175513815488231,11.4487488119472,2.50916914336257,33.8705714704625,1.9609105283715,4.13199367611825,0.151605392296828,4.19345292223799,0.318717665549696,0.8101693099984,0.232993248048541,265.190632846046,49.7162590046168,607.799339026391,164.981589522701,356.271984151096,162.393562980324,21.9820885801129,4.3996645951494
"37","Scenario 1",40,336.206492328846,64.1555747888672,4.63414024679984,0.157212872665779,14.3578879553779,2.76424824326574,2.49774722561083,0.110012982025797,8.80590305489625,1.70433076175979,35.6655778824011,0.89156929167914,4.29572235938712,0.111204148069977,4.51530030981957,0.190120728966448,1.09591608589844,0.241216206903719,337.930034218652,32.4539658340286,707.375423360834,163.65034123899,484.513710955729,169.285138413225,22.6591523134076,4.5563962588479
"38","Scenario 1",41,337.829676134993,63.5126038135193,4.6381013368679,0.155699952674852,14.289129499834,2.74092941276449,2.50072134462756,0.10808595827581,8.76065779735066,1.67914941659327,35.6912916712866,0.864621887118633,4.29862261525554,0.109746436291816,4.52052258533263,0.186567255661831,1.10173314830237,0.239877084207098,339.546047631109,32.1166941543645,710.164642736527,163.730074034509,487.249888681332,169.039405970483,22.6591523134076,4.5563962588479
"39","Scenario 1",42,339.421055869156,62.8619389449368,4.64198586510664,0.154166311894882,14.2216444595972,2.71714872084123,2.503623644078,0.106170283281048,8.71644543764073,1.65404108693464,35.7162198115341,0.838058070882734,4.30146031633682,0.108285801658937,4.5256137985463,0.183046351072286,1.10745320799126,0.238480494908095,341.139872412795,31.8019510683826,712.922344044001,163.806600971837,489.945505293369,168.782731704784,22.6678486997636,4.54219367889936
"40","Scenario 1",43,340.982795737444,62.2062122782576,4.64579916200586,0.152618396193568,14.1553377056105,2.69301928799929,2.50645745574811,0.104270540157768,8.67321086632137,1.62907471849406,35.7403808073902,0.811919842730979,4.304239062938,0.10682683509015,4.53057972677475,0.179565886767736,1.11308497128877,0.237036169758901,342.711447182419,31.5104794328645,715.692233560091,163.907350910053,492.600317759202,168.517185253297,22.6682346697544,4.54164665325889
"41","Scenario 1",44,342.514835407922,61.5406525130508,4.6495408284338,0.151044590904024,14.0902294962693,2.6683408785503,2.50922591780873,0.10237746232257,8.6309237622933,1.6041096795787,35.7638454340348,0.786118902314495,4.30696010468616,0.105360812531221,4.53542649383309,0.176108994151045,1.11862381819078,0.23552709080431,344.261866550876,31.2433747959858,718.440535292131,164.011808592172,495.211356719042,168.240257642619,22.6788247213779,4.53391729641656
"42","Scenario 1",45,344.019032337048,60.8683433930891,4.65321547056438,0.149452429880628,14.0262359921813,2.64324473575102,2.51193148722696,0.100496622116453,8.58954068767641,1.57922918562204,35.7866204350394,0.760706546526631,4.30962636256721,0.103893203085457,4.54015827646283,0.172685270039723,1.12407777448914,0.233964338531052,345.78961411444,31.0009757602588,721.17492642447,164.124363911985,497.781558558779,167.954016895028,22.6872075071163,4.51809998251244
"43","Scenario 1",46,345.498442357794,60.1892941230247,4.65683053821072,0.147842020761349,13.9632282676604,2.61773727935676,2.51457985858104,0.0986270196663056,8.54897482289585,1.55442227452076,35.8087552314102,0.735666898083756,4.31224333712108,0.102423580121387,4.54478515569953,0.169292749291564,1.12945772927091,0.232349431460051,347.298540177064,30.7834621705618,723.916254161239,164.261812352376,500.312236290672,167.658598391254,22.6872075071163,4.51809998251244
"44","Scenario 1",47,346.951852402663,59.5028560772369,4.66038296405771,0.146211628212934,13.9012652309346,2.59178015440188,2.51717018967096,0.0967692275558223,8.50924664887527,1.5296847500967,35.8302608246085,0.711022779858857,4.31480942827007,0.100951549224941,4.54930575046153,0.165932034144671,1.13475741478464,0.230676795668191,348.785760216143,30.5906506167449,726.663197761374,164.41233500157,502.801927134387,167.353704101283,22.6872075071163,4.51809998251244
"45","Scenario 1",48,348.383477770541,58.8105311613814,4.66388311776943,0.14456516530043,13.8401624893998,2.56545460890142,2.51970913390942,0.0949230984879637,8.47024741007892,1.50503047155872,35.8511782426047,0.686749488410951,4.31733173225147,0.0994785288857903,4.55373187239467,0.16260283637201,1.13999358674706,0.228956584452735,350.254477999711,30.4247808470649,729.365632990785,164.553443207007,505.254069550501,167.042089639632,22.6978699281131,4.51001253425896
"46","Scenario 1",49,349.793374788923,58.1129437467154,4.66733110932467,0.142904146783424,13.7799195880848,2.53878631727245,2.52219714888522,0.093089717030771,8.43197133492183,1.48047387503726,35.8715148814681,0.662851988748298,4.31981049636885,0.0980056370414223,4.55806444334308,0.159306495340156,1.14516602957273,0.227190462624614,351.704612703237,30.2857515581679,732.103092584552,164.742809823793,507.667381357301,166.722691159325,22.7338857528827,4.48214231254591
"47","Scenario 1",5,252.059610290925,76.5996676545455,4.43026600352468,0.184419868389572,17.8189807171128,3.06986924582081,2.32459349986249,0.173816594333939,11.3583000913318,2.48839890321047,33.9417073440667,1.93164347439418,4.13737884594899,0.150701487208113,4.20504443621229,0.315234233527959,0.81803842199883,0.234009036233616,266.857851570415,49.2046951024494,610.141751097602,165.021316883962,359.585049610244,162.758735607096,21.9965745163314,4.3725648305616
"48","Scenario 1",50,351.175833490134,57.4129254095755,4.6707129161488,0.141235256664963,13.7207846163125,2.51187950021201,2.52462491267909,0.0912773690390518,8.39456582400804,1.45612077480996,35.8912045779788,0.639452177407827,4.3222359949807,0.0965391791665476,4.56228737003962,0.156057839145901,1.15025278471945,0.225384477941214,353.133293276885,30.1737442806345,734.804808944855,164.901628598312,510.042455301497,166.398698908257,22.6140541322912,4.53773146960292
"49","Scenario 1",51,352.543449413808,56.7065628942458,4.67405938478193,0.139549185148087,13.6622163374788,2.48458515441272,2.52701409319019,0.0894757289475601,8.35769403702553,1.43183165277723,35.9104156504945,0.616420259991421,4.32463013427569,0.0950708588712664,4.56643823855904,0.152838198981097,1.15530084503291,0.223528804671213,354.544852800695,30.089072715183,737.492957253824,165.097143699666,512.380071877377,166.065733812285,22.6394799054374,4.51353505033404
"50","Scenario 1",52,353.888983608337,55.9982550188263,4.67735278296014,0.137856524997223,13.6045260964935,2.45707969334467,2.52935228940659,0.0876947319371133,8.32154762087802,1.40774382924559,35.9290502794324,0.593871602233806,4.32698034892104,0.0936092959598178,4.57049573884551,0.149664819845034,1.16028327359032,0.221636418724827,355.940616780045,30.0308769687242,740.196944806291,165.309624774969,514.681019766034,165.727596600326,22.6397573213683,4.51269213446072
"51","Scenario 1",53,355.211161142471,55.2880956092399,4.68058991743193,0.136157476309257,13.5477736630631,2.42936506021519,2.53163822295832,0.0859349345865639,8.28615119889471,1.38386131813544,35.9471108751734,0.571819914412158,4.32928480456014,0.0921548054021389,4.57445791000381,0.146538360388387,1.16519411848828,0.219706935163994,357.318553336228,30.0007307353062,742.904255319149,165.553303254962,516.943462304074,165.383365097129,22.6699353500265,4.49971542514938
"52","Scenario 1",54,356.509688112124,54.5770773350185,4.68377004056242,0.134454438230063,13.4919736244458,2.40148162214777,2.5338717475793,0.0841984085026348,8.25150844316127,1.36021173847492,35.9646003219794,0.550286607963416,4.3315431405845,0.090709261681418,4.57832465808246,0.143461988776512,1.1700318577721,0.217743181989782,358.678289007092,29.997777326416,745.58170019781,165.788979242031,519.170616188763,165.032208915975,22.6891856033193,4.48249040788796
"53","Scenario 1",55,357.786276233898,53.8659722967301,4.68689734566994,0.13274941472597,13.4370523348625,2.37347052471468,2.53605579093861,0.0824850798624646,8.21757251379356,1.33680107235355,35.9815396573966,0.529257594579971,4.33375833558006,0.0892734068054128,4.58210131306998,0.140435195316823,1.17480303822156,0.215750019553794,360.021142386742,30.0220760169936,748.259752979206,166.045866942298,521.361993573488,164.673748863038,22.6891856033193,4.48249040788796
"54","Scenario 1",56,359.040047474309,53.1562143856144,4.68996965866853,0.131045931027246,13.3830491948409,2.34539437365313,2.53818914922192,0.0807973030523886,8.18436287710299,1.31366468838857,35.9979226341873,0.508755800792494,4.33592899646201,0.0878496653672689,4.58578604617052,0.137461774587884,1.17950407640169,0.213732928224298,361.346541431466,30.0752617880395,750.938163989,166.312539275629,523.520502807302,164.31047148701,22.6891856033193,4.48249040788796
"55","Scenario 1",57,360.268903555749,52.4486938306345,4.69298177147755,0.129346055500782,13.330059244745,2.31728351803457,2.54026910767708,0.0791379937359203,8.15192667156938,1.29083654452013,36.0137403926873,0.488822387509284,4.33805184480937,0.0864401537380011,4.58937432987637,0.134546340299986,1.18412593790075,0.211692824641234,362.653818256381,30.1548238765154,753.59670598736,166.605683945807,525.644838575114,163.940822901849,22.6894630192503,4.48163844203269
"56","Scenario 1",58,361.473327688522,51.7449249002077,4.69593486462988,0.127653608605878,13.2780619211867,2.28921092013361,2.542296534339,0.0775083701156768,8.12024921669608,1.26834254113075,36.0289986345186,0.46945386136101,4.34012774752837,0.0850469088902342,4.59286798921865,0.131690573117734,1.18867053499627,0.209637312289077,363.942080884836,30.2605750043557,756.259672166739,166.910297119889,527.735362875256,163.565129546498,22.6978458049887,4.46365560307481
"57","Scenario 1",59,362.655018273267,51.0444853869639,4.69883306333101,0.125967600742087,13.2269866455208,2.26116151388229,2.54427479182865,0.0759070971656642,8.08928038063715,1.24616394563571,36.0437292701778,0.450632189152761,4.34215984480726,0.0836689380637271,4.59627303190664,0.128891661483424,1.19314364646958,0.207565398289391,365.213190982776,30.392687444915,758.910029188981,167.215394963189,529.794305111737,163.183599683731,22.6979905437352,4.4632427968223
"58","Scenario 1",6,254.832238408839,76.446590321913,4.43692477063667,0.184154737065019,17.7090747103655,3.07101051278094,2.33105800496684,0.172154066430097,11.2656751321102,2.46831036385155,34.0137773253455,1.90241388970347,4.14291621297521,0.149839727112823,4.21686605636713,0.311810505169359,0.826270727852455,0.235158008515117,268.685583526318,48.7093658494923,612.587769575915,165.037541788792,363.137537408694,163.190564250328,22.1028368794326,4.4623405220116
"59","Scenario 1",60,363.808220328557,50.3507991837258,4.70166219182502,0.124296333896694,13.1770864591579,2.23327666198304,2.5461950346066,0.0743412543673786,8.05916270125104,1.22440060961473,36.0578774578278,0.432437464553526,4.34413857510175,0.0823126468949287,4.59957455442721,0.126161600567057,1.19752248037894,0.205488162556371,366.461959702321,30.5526537947937,761.539145800164,167.545166312246,531.823681236291,162.796855002379,22.4437086891494,4.79598452306951
"60","Scenario 1",61,364.948240169827,49.6593850461803,4.70445989128251,0.122629070726311,13.1276926841759,2.20538029687621,2.54808158292919,0.0727998675484094,8.02950659074992,1.20290222513851,36.0716030327439,0.414730774075502,4.34608971645337,0.0809689242606822,4.60281429380481,0.123480649243724,1.20186686868283,0.203392992220532,367.695895739856,30.7364719007152,764.165631784629,167.892801103391,533.823124095534,162.40542729843,22.469665171033,4.76697627917715
"61","Scenario 1",62,366.063409912192,48.9757810169962,4.70719743708409,0.120979252077827,13.0793172305139,2.17770199103169,2.54991629807973,0.0712942643618643,8.00060362902507,1.18183038098599,36.0847912636411,0.39764061506909,4.34799379684403,0.0796480810759348,4.60596154476943,0.120868268601582,1.20613082375617,0.201298228661562,368.911558197038,30.9443396071803,766.787212331741,168.269478754254,535.790803320652,162.009560582488,22.4950909441791,4.73916102076711
"62","Scenario 1",63,367.155528827134,48.3013310234678,4.70987925760812,0.119350297162971,13.0318812397801,2.15030842381747,2.55170199218804,0.069825049046624,7.97240719843337,1.16120368549112,36.0974585075899,0.381147206737792,4.34985383801976,0.0783517457407251,4.60902142593303,0.118324894536252,1.21032159060008,0.19921100652811,370.110450161625,31.1750059207327,769.392250446278,168.634476423159,537.729567728278,161.60975738787,22.5034737299175,4.72437121531589
"63","Scenario 1",64,368.223146885705,47.6385983282066,4.71250177972248,0.117748427882065,12.9854485667888,2.12330590305761,2.55343645457159,0.0683974539135777,7.94495257576849,1.14109559240478,36.1095907118902,0.36531157263772,4.35166744099755,0.0770846738994839,4.61199031414245,0.115859206073429,1.21443345173495,0.197139690497112,371.290280841415,31.4268291216471,772.008400878082,169.031548259306,539.637427046359,161.20826313187,22.5034737299175,4.72437121531589
"64","Scenario 1",65,369.26643884788,46.989052926309,4.71506541478902,0.116177414698982,12.9400128704431,2.09676947955356,2.55512020029082,0.0670117042708972,7.91823159327945,1.12152281406811,36.1211936112798,0.350099216223826,4.35343501351596,0.0758484764423468,4.61486950825473,0.113470893633972,1.2184669343553,0.195092634878623,372.451010336759,31.6997753802367,774.601726009553,169.433527400287,541.515692039596,160.806308905655,22.514063781541,4.72201073418223
"65","Scenario 1",66,370.288691658224,46.3492669838826,4.71757814491803,0.114628877642596,12.8954376621195,2.07055287283293,2.55675975607292,0.0656616995988678,7.89214871488163,1.10239087231322,36.1323315314483,0.33546206866897,4.35516263067398,0.0746370972750094,4.6176703391781,0.111149082792323,1.22243301404878,0.193057187676865,373.594378503884,31.9895522571388,777.163811694891,169.855595629166,543.367654127146,160.399843078897,22.514063781541,4.72201073418223
"66","Scenario 1",67,371.28575501761,45.7228065771335,4.72002973882157,0.113111575061774,12.8519060036974,2.04481107457916,2.55834884868592,0.0643532610317958,7.86680528309047,1.08378978913652,36.142967011083,0.321442790913179,4.35684344739397,0.0734565854962856,4.62038240030968,0.108903263815495,1.22631516450372,0.191046851204158,374.717412228012,32.2978241823445,779.747898875862,170.268709378657,545.190603217038,159.99223366896,22.5142085202875,4.72162639523059
"67","Scenario 1",68,372.258563443817,45.1142346038596,4.72242257074472,0.111636882392429,12.8093717224036,2.01975431329602,2.55988798172424,0.0630917345838071,7.84218469119656,1.06581727570657,36.1530856389471,0.308056788599246,4.35847865064144,0.072313811793069,4.62300692114583,0.10674227202406,1.23011866121161,0.189082311606293,375.820771336904,32.6203096201087,782.295398514016,170.710073750486,546.985661907097,159.582489920752,22.5142085202875,4.72162639523059
"68","Scenario 1",69,373.204536353549,44.5198669102899,4.72475008970119,0.110195636695359,12.7679619497337,1.99521431458403,2.5613756966049,0.0618724614731031,7.81832891957335,1.04838814155603,36.1627213690913,0.295282767096982,4.36006498112209,0.0712030658868476,4.62554154739466,0.104657454683055,1.23382957445251,0.187146828601882,376.902632423892,32.9569506894379,784.838412457181,171.192471350059,548.751945420618,159.171001609139,22.5142085202875,4.72162639523059
"69","Scenario 1",7,257.676292915038,76.3130297343365,4.44376101533341,0.183938726003951,17.59591999106,3.07308436731581,2.3376124454886,0.170509388651335,11.1715610330801,2.44865063234023,34.0862203707841,1.87305771961175,4.14856394421409,0.149004940118726,4.22882885051219,0.308416692387409,0.834804852243617,0.236410516047909,270.640782240556,48.2268662198825,615.088688666956,165.062401507337,366.875407457524,163.676357187546,22.2487455975298,4.58157213484209
"70","Scenario 1",70,374.11656161046,43.9438828701062,4.72699471954843,0.108798012842726,12.7279934354165,1.97136641521343,2.5628018023711,0.0607034038592645,7.79540774786122,1.03161777260375,36.171824091328,0.283190670289313,4.3615909286359,0.0701319039256468,4.62796916402158,0.102661826954549,1.23741863866965,0.185254463486515,377.959205890867,33.3040111201637,787.365905582091,171.660634047153,550.491103614875,158.757542544361,21.4516451970859,4.7076584598429
"71","Scenario 1",71,375.011301539055,43.3819965825305,4.72919757065412,0.107433980813913,12.6887288095117,1.94805915095224,2.56419103910557,0.0595711477769724,7.77301239534707,1.01533974406164,36.1805281772125,0.271597501295446,4.36308385065287,0.0690904058456753,4.63033227179316,0.100732366125712,1.24095355657947,0.183398208154902,378.995829823419,33.6600869891828,789.855935494765,172.13335055862,552.201921695983,158.343055692725,21.4521155980123,4.7066205429347
"72","Scenario 1",72,375.879685494765,42.839952432731,4.73133625997657,0.106117581206478,12.6505697179023,1.92553749802424,2.56552998211116,0.0584860281247492,7.7513632255586,0.999708512476844,36.1887600495046,0.260596921078858,4.36452889339369,0.0680886997058335,4.63260830035176,0.0988863516538923,1.24439763052689,0.181598726208971,380.011891759541,34.0260020016927,792.372181212911,172.642291510523,553.885104692037,157.927097510168,21.4611135234236,4.70670710339319
"73","Scenario 1",73,376.721685892797,42.3131504601642,4.73341054440959,0.1048374082012,12.6135296829528,1.90359378362483,2.56682084796526,0.0574417424385713,7.73044126366152,0.984614424305314,36.196572075273,0.250144994831819,4.36592693401522,0.0671194713764416,4.63480103007106,0.0971123301899451,1.24774739219014,0.179835837412798,381.008124632122,34.3992938951433,794.824369180296,173.126078950618,555.542839185701,157.509418103685,21.4611135234236,4.70670710339319
"74","Scenario 1",74,377.538511687654,41.8056202700269,4.73542346577089,0.103603579602319,12.5775510571575,1.88241875935351,2.56806467071991,0.0564421532352211,7.71022222983657,0.970136855395202,36.2039553277615,0.240243986444651,4.36727966194357,0.0661884274506466,4.63691259475033,0.0954168432578306,1.2510090413986,0.178129326412871,381.983949124331,34.7773333894439,797.305966854827,173.644245906718,557.173265026745,157.090648248834,21.4701114488349,4.70677571051003
"75","Scenario 1",75,378.329460763738,41.3178186776667,4.73737323877123,0.102417292527655,12.5426686352639,1.86203750308123,2.56926109120091,0.0554869581281515,7.69071655779209,0.956277322592499,36.2109194513035,0.230870140722211,4.3685862143897,0.0652959174057777,4.63894260839125,0.0937989583221901,1.25417881614071,0.176482163260465,382.938689185603,35.1598046556484,799.731270806195,174.147413553701,558.775310215524,156.67082540035,21.4701114488349,4.70677571051003
"76","Scenario 1",76,379.094629927148,40.8486706736416,4.73926002348038,0.101275901554195,12.5088836693476,1.84240293809419,2.57041126910393,0.0545745011032823,7.67191273905106,0.943007923165877,36.2174887586767,0.222016909348913,4.36984716987675,0.0644401327727574,4.64089313912869,0.0922555891557933,1.25725563796125,0.17489001601112,383.872390661939,35.5455450314255,802.185545423843,174.678728585543,560.351658958219,156.249020945102,21.4701114488349,4.70677571051003
"77","Scenario 1",77,379.832254619578,40.3971802448978,4.74107936651509,0.100176973615832,12.4762812577671,1.82347262619805,2.57151387088227,0.0537028853608776,7.6538422693038,0.930299562775528,36.2236786471626,0.213656779801771,4.3710601654264,0.0636192743374792,4.64276205756116,0.0907830614327625,1.26023050238525,0.173349059278687,384.784131012689,35.9339670809248,804.594900371496,175.224427757886,561.899604334894,155.826704977075,21.4701114488349,4.70677571051003
"78","Scenario 1",78,380.547879770348,39.9639038182557,4.74284499051631,0.0991220846795486,12.4446130769731,1.80528545943094,2.57257659010991,0.0528703303562387,7.63637354549983,0.918143076748836,36.2295210496201,0.205742391975395,4.37223408788498,0.0628331826740527,4.64456266190427,0.0893783039715165,1.26312677470827,0.171865441696822,385.67759588942,36.3235700861961,806.987223187147,175.763366451126,563.42290185143,155.401136704796,21.5059584117335,4.7306551895616
"79","Scenario 1",79,381.239050658561,39.5505875969836,4.74455080027823,0.0981155606676957,12.413990481356,1.78791996351865,2.57359628190395,0.0520792335318936,7.61956162500838,0.906578535497574,36.2350073072826,0.198286692626133,4.37336512236864,0.0620846252302839,4.64628978073155,0.0880451709165275,1.26593384278777,0.170446501415658,386.549609048584,36.7132986305626,809.375874463261,176.319453270787,564.920694380692,154.973760843409,21.5487166497805,4.74781637451735
"80","Scenario 1",8,260.566595177787,76.1961488403734,4.45071433756412,0.18376418026024,17.4805097707625,3.07591857439916,2.34419722434631,0.168886192352248,11.076801343121,2.42944109159174,34.1583517370401,1.84370122492398,4.15427136504192,0.148195951287445,4.24082369562584,0.305062662595792,0.843567804173128,0.237744441144646,272.694023664785,47.7599519458469,617.619574709316,165.055695194402,370.747641920125,164.20947209825,22.2902976793554,4.58722571318473
"81","Scenario 1",80,381.903833369518,39.1557415106969,4.7461919152099,0.0971537429782037,12.384506721755,1.77131143055229,2.57457148198024,0.0513271354984082,7.60344129845549,0.895566626492099,36.2401545270291,0.19127094095942,4.3744506759302,0.0613710489481958,4.6479410136409,0.0867792452515587,1.2686418135308,0.169086422389576,387.400723295701,37.1026683471292,811.738496888117,176.853197028765,566.391231079302,154.544176999686,21.5487166497805,4.74781637451735
"82","Scenario 1",81,382.549589110822,38.7772131223161,4.74778651882559,0.0962313630626956,12.3558345287988,1.75536753329587,2.5755128433655,0.0506102588672168,7.58783528712181,0.885049185054112,36.2450160911211,0.184662217137533,4.37550270830819,0.0606886845627982,4.64953439626918,0.0855739001472938,1.27128088951348,0.167777184111759,388.232406354031,37.4895119071406,814.087915520818,177.423413310633,567.836567801399,154.110721852733,21.5487166497805,4.74781637451735
"83","Scenario 1",82,383.172277247069,38.4150908458064,4.7493245456295,0.0953487034751352,12.3281594746792,1.74009669180852,2.57641560693938,0.0499278836065165,7.57283097795337,0.875020555187934,36.2495879151866,0.178441227297528,4.37651510705653,0.0600373262335377,4.6510620285769,0.0844277573215901,1.27383293579583,0.166520298554646,389.046017489265,37.8748990095047,816.417483234429,177.990829597204,569.258703153904,153.671918572,21.5487166497805,4.74781637451735
"84","Scenario 1",83,383.774488445023,38.0699401267036,4.7508124058358,0.0945073135595854,12.3013656229533,1.72553476139348,2.57728338260744,0.0492788641250873,7.55836651911842,0.865477456432386,36.2538852022825,0.172573871901447,4.37749203436039,0.0594170894582442,4.65253022214222,0.0833388901980309,1.27630887773483,0.165321041579321,389.842232800212,38.2585443936698,818.73511241376,178.545678051586,570.656497069482,153.232435904019,21.548861388527,4.7474648399862
"85","Scenario 1",84,384.354915002171,37.7400265325066,4.75224677989747,0.0937028413948342,12.275517386935,1.71159984788772,2.57811542937029,0.0486615048289059,7.5444636908652,0.856384225152647,36.2579255467692,0.167056031014307,4.37843183249109,0.0588254872172805,4.65393765356252,0.0823040897685385,1.27870159962726,0.164170807797465,390.619802371303,38.6396121572565,821.031319052444,179.112591008571,572.030251478429,152.787459674786,21.5852390601631,4.76900372694617
"86","Scenario 1",85,384.915828544893,37.4257458203311,4.75363328804671,0.0929363886350817,12.2505131474269,1.6983182647357,2.57891491985635,0.0480747911668673,7.53106826584192,0.847736776667437,36.2617225044463,0.161860891623434,4.37933815317497,0.0582625116875334,4.65528984990352,0.081321673285112,1.2810206616987,0.163073637219512,391.379767983789,39.017631041801,823.306730351715,179.686201366286,573.380634712278,152.3386822529,21.5852390601631,4.76900372694617
"87","Scenario 1",86,385.45712955324,37.1251276309302,4.75497161152345,0.0922030853077907,12.2263624540328,1.68560216998534,2.5796826505713,0.0475158411369521,7.51817462213624,0.839486913143711,36.2652974717625,0.156964676187981,4.38021121776559,0.0577249547644752,4.65658813187373,0.0803865333688565,1.28326423834523,0.162021248622458,392.122846070343,39.3924522002046,825.581087470449,180.260473074102,574.708512902329,151.884533777208,21.5852390601631,4.76900372694617
"88","Scenario 1",87,385.979398586385,36.8381726141123,4.75626316638155,0.091502952875863,12.2030407631145,1.67345298321395,2.58041969424919,0.0469843965625611,7.50576664750197,0.831632067750877,36.2686600429327,0.152360768047931,4.38105206633501,0.0572127070786299,4.65783435288067,0.0794981253007778,1.28543438046664,0.161013979566909,392.849313672987,39.7644420861061,827.848349978289,180.841327007361,576.014155720971,151.426564263192,21.5852390601631,4.76900372694617
"89","Scenario 1",88,386.486089038452,36.5651445199502,4.75751651598247,0.0908368006781532,12.1803922326197,1.66189352098136,2.58113062488894,0.0464788153027809,7.49376428544029,0.82416162494944,36.2718251260334,0.148014084512387,4.38186614530736,0.056725373576039,4.65903642535067,0.0786538225904587,1.28754596386744,0.160056029847249,393.560446410479,40.1327781138674,830.088828581078,181.426898951655,577.29972899757,150.96484215208,21.5852390601631,4.76900372694617
"90","Scenario 1",89,386.9753633425,36.30636239042,4.75872707846199,0.0902053974245744,12.1585015620036,1.6509366102509,2.58181333441693,0.0459998191203602,7.48220698679864,0.81708501734354,36.274792285825,0.1439324035102,4.38265069502878,0.0562635702558367,4.66019079348734,0.0778547135812511,1.28959063162688,0.159148285838539,394.255336795002,40.4978135803101,832.315975539152,182.01265128494,578.564436093676,150.4983767149,21.5852390601631,4.76900372694617
"91","Scenario 1",9,263.486244560235,76.0951358684619,4.4577442084448,0.183628523795349,17.3635097802985,3.07943691610159,2.35077216536941,0.167290599586446,10.9819623434855,2.41074813336132,34.229705602956,1.81447943461583,4.16000439398334,0.147414564864714,4.2527772406729,0.301762377018556,0.852510990588137,0.2391477434334,274.822387755102,47.3040616515012,620.195054759492,165.029060294523,374.71479859039,164.779549571564,22.2969797848217,4.58297676945467
"92","Scenario 1",90,387.445866345829,36.0608167735473,4.75989144164246,0.0896062411011927,12.137433546769,1.64053676026463,2.5824666961639,0.0455460337591764,7.47112025856942,0.810378319703891,36.2775713273292,0.140106326646332,4.38340385399393,0.0558256912283184,4.66129553033393,0.0770983356844908,1.29156156841252,0.158286365912274,394.933105562792,40.8586678586499,834.536981955903,182.603157006972,579.808854260673,150.024177314755,20.989096347759,4.6953437523791
"93","Scenario 1",91,387.904213718821,35.8251803852489,4.76102596170543,0.0890312335643205,12.1168930596493,1.6305545066294,2.58310010007364,0.0451110463904337,7.46034636657375,0.803948218834023,36.2802060535018,0.136479121434007,4.38413629675433,0.0554056918227143,4.6623665420717,0.0763739499087203,1.29348619639254,0.157458974586382,395.597818449366,41.2167114071314,836.742666570174,183.200510337488,581.034378386036,149.544823807337,20.989096347759,4.6953437523791
"94","Scenario 1",92,388.347620893038,35.5996895709749,4.76212370553569,0.0884809206975858,12.0970077448399,1.62099765763797,2.58371022216667,0.0446956305293575,7.44994632005904,0.797803636028397,36.2826927917285,0.133049935206248,4.38484378663696,0.0550041365937613,4.6633981872393,0.0756826499588797,1.29535203010507,0.15666621719217,396.248979519467,41.5715733019581,838.926892459111,183.788261965493,582.240940540177,149.059864737878,20.989096347759,4.6953437523791
"95","Scenario 1",93,388.775935229411,35.3853764647851,4.76318429878012,0.0879578839544653,12.0777841992152,1.61191436737263,2.58429680681529,0.0443009148518674,7.43992387962899,0.791966184533129,36.2850295297854,0.129825156273588,4.38552606482184,0.0546225430391199,4.66439009847889,0.0750263750332165,1.29715852398053,0.155912988061365,396.885646946012,41.9220929462994,841.110165484634,184.385410074869,583.428527444038,148.567667235317,20.9974067641241,4.68703670260773
"96","Scenario 1",94,389.190693358904,35.1818555834193,4.76421153902228,0.0874612744354456,12.0591539778292,1.60329475146412,2.58486205424422,0.0439250060096987,7.43024196251001,0.786415534816504,36.2872268062231,0.126778061707339,4.38618562322736,0.0542597456448518,4.66534608994105,0.0744020503278991,1.29891205699593,0.155199754604588,397.508898924109,42.2695744054914,843.270462440295,184.982434192587,584.598374539209,148.06833062423,21.0054277029961,4.67840659027155
"97","Scenario 1",95,389.591700535533,34.9862444804925,4.76520486871473,0.0869838764779469,12.0411311142184,1.59500392631489,2.5854066690855,0.0435649238667799,7.42089734415731,0.781091885893262,36.289306657614,0.123903736614427,4.38682253980379,0.0539115460640473,4.66626717659619,0.0738043837907181,1.30061027812551,0.154512713299675,398.120086807063,42.6141072825816,845.410206493945,185.580059057831,585.750788220193,147.562550768863,21.0122666087712,4.67305049712195
"98","Scenario 1",96,389.980088085589,34.7991087862672,4.76616710068656,0.0865271383190942,12.0236640287071,1.58707061327196,2.58593205323133,0.0432208124060423,7.41186459834591,0.776003178851613,36.2912716669479,0.12119019547717,4.38743855965559,0.0535785924039153,4.66715579610721,0.0732336373669004,1.30225820875088,0.153855166427156,398.718820355092,42.9542990972527,847.561434360979,186.196045024969,586.887854637879,147.0497824807,21.0122666087712,4.67305049712195
"99","Scenario 1",97,390.356487926376,34.6206856476533,4.76709979999305,0.0860917035112928,12.0067243386023,1.57950941684442,2.58643906823849,0.0428922786132769,7.40312876661271,0.771148992976135,36.2931251205398,0.118627141805411,4.38803469116746,0.0532609702237321,4.66801346877104,0.0726892178430494,1.30385854775586,0.15322923974302,399.305650624789,43.2915218331564,849.697506875091,186.809318055559,588.008310408499,146.529083868338,21.0134486418681,4.66974615064181
"100","Scenario 1",98,390.72102794664,34.4492332186955,4.76800323870101,0.0856732698129276,11.9903094391541,1.57224290543496,2.58692846459754,0.0425767608898188,7.39468208274382,0.766487014819208,36.2948813530569,0.116196359616664,4.3886113707824,0.0529558387340924,4.66884141072388,0.0721667388300359,1.30541095113965,0.152627747755456,399.880902675255,43.6250183688289,851.817798041202,187.418470648227,589.113391393104,145.998976746847,21.0134486418681,4.66974615064181
"101","Scenario 1",99,391.075217059874,34.2856876086994,4.76888117994442,0.0852742280448581,11.9743497270756,1.56531823787589,2.58740196370573,0.0422746535446537,7.38649187038973,0.762031869867435,36.2965403552653,0.113896633161922,4.38917086645972,0.0526643214848122,4.66964263687379,0.071667037721791,1.30692234472305,0.152056154286001,400.445915050417,43.9554311558421,853.939353259034,188.039633268158,590.204487340972,145.462488544397,21.0139793506055,4.66826170409671
"102","Scenario 2",0,72.1019104432196,67.8993548661941,4.00732054611847,0.156993025589397,24.3029157738894,2.26568263879427,1.78581653507542,0.237141085031592,18.9998008104643,3.3729846336456,27.3592070856368,2.98117166799001,3.72941909827763,0.167466724591664,3.21509804033633,0.433405031818398,0.405631111939893,0.123798500415973,145.916919093739,41.916715090305,508.638636087009,129.907382133679,102.31415071216,112.241390368982,26.8011771661074,5.13117060844618
"103","Scenario 2",1,73.1479245187877,68.5289974152392,4.00974513988198,0.158488790711354,24.2676028809346,2.28951826399696,1.78938411620389,0.238835140164942,18.949045059823,3.39617643604988,27.4037946362296,3.00281811318008,3.73196427092486,0.168822758018158,3.22158912493195,0.436684693155779,0.407608725713716,0.125397884475684,143.727221548921,41.9782384517283,509.994087218097,130.134024909029,103.510689352087,113.208141645588,26.8011771661074,5.13117060844618
"104","Scenario 2",10,73.9471341975158,63.5493695552242,4.01138423486115,0.146734785379826,24.2556204400523,2.1063529504462,1.7948623792683,0.224484955321966,18.865529941889,3.19582233291354,27.4694136184629,2.82306963610641,3.73496531617222,0.157755251613315,3.23039274138674,0.41002042616549,0.406808613754699,0.113538996228653,132.482600971988,40.2947966371315,517.884957370474,131.668398317828,100.025772416681,101.908928821479,27.45081230837,4.94552061454907
"105","Scenario 2",100,244.465111349713,77.3458276655775,4.41208437518701,0.18562304814731,18.1159912357023,3.05851617499318,2.30614651796224,0.183442804910829,11.6238884602757,2.60843029423132,33.7355930920273,2.10168971088484,4.12191143160136,0.155471930536848,4.17114698777286,0.335586374948323,0.796084613637532,0.227959941214394,270.720736688054,57.8607516161508,618.370182805608,183.775841265569,199.670389782267,129.366794283004,25.2975807526676,5.29209902894582
"106","Scenario 2",11,75.3834138831412,64.3891057419099,4.01471211967471,0.14873215989103,24.2072251248903,2.13831578199171,1.79977803691151,0.226710218515891,18.7956402232742,3.22596220058386,27.5309782473852,2.85197601814343,3.73846753592139,0.159554094877334,3.23934978101774,0.414418536285346,0.409504602741025,0.115682699283598,132.403323717782,40.7146082837164,518.613838222253,131.906473473307,101.495719907661,102.928905435747,27.4621840459506,4.91834896782443
"107","Scenario 2",12,76.8425557545513,65.2304367389261,4.0180942394817,0.15073547748128,24.1579707177245,2.17049139004556,1.80475565277627,0.228912637407792,18.724885531507,3.25576368645231,27.5933048385655,2.88054843315813,3.74201903716547,0.161345249069198,3.24842181779509,0.418773752659726,0.412258260376282,0.117857222978515,132.439717259887,41.1783199948845,519.296538633189,132.161680138116,102.985095841317,103.954356066416,27.4710779966731,4.90518143432762
"108","Scenario 2",13,78.3231233242336,66.0687173684077,4.02152717648101,0.152733711065172,24.1079119059972,2.20270459982291,1.80979146390855,0.231079677973433,18.6533165543392,3.285058701039,27.6563440215394,2.90862036300359,3.74561676264983,0.163118645695493,3.25760159810225,0.423061004055196,0.415065973440306,0.120051178416033,132.579458121055,41.6768749298891,519.956986199742,132.421947677175,104.48533142779,104.975101464347,27.4749236377968,4.90206930397672
"109","Scenario 2",14,79.8199050268644,66.8990871937136,4.02499881552599,0.154715323242329,24.0572270941331,2.23477208648869,1.81486814782291,0.23319817811809,18.5811777122243,3.31366930697702,27.7198767432579,2.93601945295267,3.74924819628811,0.164863753507002,3.26685723577704,0.427254368580068,0.41791759147443,0.122252515555709,132.810320286554,42.2011387419513,520.579097911704,132.687934517397,105.990558419499,105.981581622198,27.4758857725768,4.89941905597937
"110","Scenario 2",15,76.113001582306,61.8722365112038,4.01629297260596,0.14281384971693,24.1903450022528,2.04731703740281,1.80368871180031,0.219165141873031,18.7369541148373,3.12013598702784,27.5780794146177,2.75741845745284,3.74078644352322,0.153846012930231,3.24581292727102,0.400485482691768,0.409699887480799,0.109944792305609,131.005500608579,40.6589553763451,520.652830183211,132.732370398617,99.9665881188212,97.6624960450403,27.4853998945129,4.8833357187745
"111","Scenario 2",16,77.7134200964453,62.8621822515843,4.02000448109455,0.1451679924044,24.1361863473646,2.08496217497457,1.80912343015726,0.22179544470613,18.6598313470597,3.15574961983037,27.6462966309714,2.79164358771653,3.74467335356265,0.155969557784858,3.25575304239877,0.405686699095725,0.412736335695133,0.112463679510409,131.177791749984,41.0577545436592,521.160422933584,133.011962771839,101.505959312509,98.7422248477035,27.5039586629804,4.86307006086938
"112","Scenario 2",17,79.3103843032927,63.8320427582335,4.02370943792159,0.147476845545444,24.0820420421826,2.12201918830925,1.81452759976878,0.224341540590138,18.5831591203673,3.19020836703681,27.7141107819089,2.82469977292051,3.74854439161454,0.15803704275952,3.26563949927521,0.410717623436454,0.415783427815273,0.114963511492344,131.463013945158,41.5162981100603,521.679719821715,133.311597599314,103.031804799223,99.7825744860588,27.5202367083399,4.85440230957504
"113","Scenario 2",18,80.917443973037,64.7903024308267,4.02743927052485,0.149760876486304,24.027453252423,2.15883119772306,1.81994717695401,0.226822257198368,18.5062805310959,3.22375607201308,27.7820902744511,2.85683921041446,3.7524323744024,0.160065265824284,3.27555482363279,0.415618461660947,0.418867198472676,0.117469073422512,131.848137941727,42.0262711999975,522.186869758249,133.623521956162,104.556102617101,100.803719212698,27.5239867155848,4.85254958445597
"114","Scenario 2",19,82.5644578196635,65.7385474031777,4.03126271711051,0.152025352069618,23.9714451606982,2.19556373407597,1.82549009134976,0.229222677874512,18.427636041931,3.25613059775402,27.8515574365285,2.8879113257523,3.75641211139628,0.16205040910844,3.28568866555093,0.420374434545973,0.42203962166674,0.120000402321724,132.3357254844,42.5807104540923,522.670553169539,133.954388093,106.082991420194,101.814366018402,27.5271020616346,4.84711211679971
"115","Scenario 2",2,74.088667165122,68.9362150656746,4.01192000060454,0.159461057742399,24.2362459181178,2.30527922694362,1.79266643096461,0.239868756609072,18.9021710251479,3.41011852238141,27.444693743573,3.01618946496111,3.73428116609864,0.169676661282372,3.22751971860401,0.438739527417583,0.409326794080145,0.126484407174374,142.215543530803,42.0657981060433,511.23395901074,130.325945928809,104.341045295855,113.65282325465,27.1679649690204,5.05044574047001
"116","Scenario 2",20,84.2324591382518,66.6823578545376,4.03513646379756,0.154282437030133,23.9146124127429,2.23235136623155,1.83108327491793,0.231571883681549,18.3482873528013,3.2877820474344,27.9216162737769,2.91824190630862,3.76043434158981,0.164009662579294,3.29591412071331,0.425029106227078,0.425271654910885,0.122560710006958,132.902361145404,43.1751372563355,523.127068734677,134.277486941547,107.611013776372,102.819028977016,26.8566158358111,4.87752478307758
"117","Scenario 2",21,86.0055315852619,67.5930386213975,4.03925296385677,0.15646929933938,23.8542883724987,2.26848252058032,1.83704506879782,0.233723992533454,18.2636081228329,3.3164949088809,27.9961553100017,2.94612654558767,3.76471523559447,0.165855535393645,3.30678477047678,0.429353722329448,0.428697540445487,0.125133324138992,133.563335672016,43.7908960138471,523.576063999351,134.612514144325,109.141740622191,103.810284332118,26.8568186955539,4.87720879399174
"118","Scenario 2",22,87.8038687091745,68.4879377897084,4.04342941744134,0.158622379101615,23.7930136122839,2.3042787801911,1.84307508415763,0.235787127448183,18.1779589992049,3.34395581105457,28.0715002868944,2.97278431336632,3.76905030259835,0.167648242687596,3.31777798775095,0.433507124396956,0.432188578302269,0.127712859325054,134.306793984339,44.4212087658612,524.001637078124,134.957596161305,110.670245160664,104.785445500137,26.8643303020292,4.85543683634192
"119","Scenario 2",23,89.6231261439841,69.3636254917957,4.04765573246719,0.160733243648999,23.7309363502473,2.33959028179195,1.8491587892069,0.237755733210835,18.0915482013241,3.37010093795985,28.1474727046703,2.99813442202055,3.77342912798973,0.169381782555788,3.32886837192561,0.437476185545022,0.435736240947411,0.130287751371632,135.124015530362,45.0613037643891,524.420614317261,135.309996492377,112.194650311574,105.744345030031,26.8645766317168,4.85410775683001
"120","Scenario 2",24,91.4651448911223,70.2187590865707,4.05193613686662,0.162798786706926,23.6679972034046,2.37437209408259,1.85530297096443,0.239625166125862,18.0042772105104,3.39486585399168,28.2241551032671,3.02211588633792,3.77785638528873,0.171052851819325,3.34006810858962,0.441252466276816,0.439343667692473,0.132855691457053,136.011038772293,45.705855576475,524.820135858068,135.681137219506,113.715543215097,106.684967587838,26.871294187199,4.8379539433459
"121","Scenario 2",25,88.0849670642718,65.3680132156475,4.04395330956666,0.151285319380093,23.7924964413531,2.19142318166111,1.84568041091503,0.226438792410915,18.1377226432333,3.21224859698207,28.1026515349339,2.85675370326091,3.77036833127428,0.160582091592567,3.32186593683512,0.416397926758366,0.431327205862795,0.120542626820822,134.831280242041,44.2161557711679,524.660127627758,135.758712973476,108.090753475933,99.223262978873,26.8801388719839,4.8288836849315
"122","Scenario 2",26,90.0709900164027,66.3565191684121,4.04856701524452,0.153665240549717,23.7247303112931,2.23108050196734,1.85232207537185,0.228697668226396,18.043486871497,3.24221383622904,28.1857717235618,2.88605667457797,3.77514994707933,0.162554828531801,3.33400175202937,0.420964581062134,0.435193623550463,0.123406691153132,135.631322752749,44.6973564583579,525.019885181386,136.15537597321,109.614789460313,100.199850784,26.8892646624124,4.81876876119723
"123","Scenario 2",27,92.0740539983655,67.3084473308257,4.05322153975853,0.155962631770227,23.6562962034928,2.26966218291829,1.85900485227384,0.230803495178687,17.9486589746548,3.27005500856939,28.2693465728169,2.91327770910983,3.7799660418623,0.164426108462446,3.34620955981007,0.425233146071316,0.439109312584595,0.126234059278425,136.535337573102,45.2194459393205,525.366953278503,136.5690273674,111.118949685998,101.132802272413,26.8923626204842,4.81414095965923
"124","Scenario 2",28,94.1051781891001,68.2363650469203,4.05794280964073,0.158207534725772,23.5867950753722,2.30765740134456,1.86576136171652,0.232787850411932,17.8527813907821,3.29620742674145,28.3537824601902,2.93880859839464,3.78484149131711,0.166222005793719,3.35855019983183,0.429263837226658,0.443099524934993,0.129059393065344,137.535164252636,45.7776474487086,525.720440727281,136.977452846971,112.617063959915,102.046813715961,26.9820787907241,4.7975621430065
"125","Scenario 2",29,96.1701340758,69.143494405256,4.06274434229994,0.160407773062097,23.5160222830773,2.34519982880873,1.8726094894739,0.234657170330794,17.7556005591992,3.32075640415186,28.439299895302,2.962728901021,3.78978962651024,0.167948595549845,3.37105663393229,0.433070422358615,0.447176884825216,0.131893004682604,138.621204870952,46.3621788136638,526.062111596042,137.406353389996,114.112531527353,102.948979273066,26.9846580074536,4.79451684306237
"126","Scenario 2",3,75.1431800670017,69.4524006078729,4.01436109240729,0.160693145022514,24.2008711119616,2.3252326553182,1.79630428995379,0.241183308259729,18.8502911117507,3.42790996716469,27.4900460621078,3.0331063513366,3.73686224721053,0.170760021034335,3.23410710824324,0.441333722887575,0.411288056797525,0.127860157993389,141.090535633763,42.2666478784402,512.391490903189,130.497217619572,105.37271002445,114.302999188927,27.2932453501649,4.99739801864036
"127","Scenario 2",30,98.2478959503399,70.0363361748331,4.06757794664535,0.162577711183888,23.4446493321345,2.38245964244234,1.87947049361765,0.236442792620221,17.6582514137948,3.34417681808418,28.5249226412628,2.98540304008807,3.79475661961329,0.169625074987657,3.38358944694671,0.436703388538458,0.451307580594019,0.1347402890329,139.77349385335,46.9714443738985,526.411684721184,137.84009960091,115.604541440855,103.843384678981,26.8946955075261,4.99278722568575
"128","Scenario 2",31,100.38326143984,70.9046428249328,4.0725467281569,0.164694969202571,23.3712153590649,2.41918722976345,1.88650661045747,0.238092091047929,17.5584025402265,3.36568213316923,28.6126610301803,3.00619442488189,3.7998550628427,0.171219788217375,3.39643913249109,0.440076784542883,0.455568674702882,0.137596955508944,141.003109387769,47.5920088456978,526.750941269206,138.294303991428,117.098559541558,104.729415473032,26.8949418372138,4.99154413468216
"129","Scenario 2",32,102.540959251274,71.7541223854679,4.07756957165762,0.166771326169351,23.2968660275434,2.45547316029309,1.89358926989811,0.239643166315411,17.4579035283932,3.38585944001318,28.7009232730723,3.02554789545081,3.8049960326887,0.172753705191385,3.40937714780434,0.443250231907599,0.459900269364268,0.140458409994278,142.298668941594,48.2196137822069,527.099409967948,138.722669629104,118.591000784319,105.607111274607,26.8957851541444,4.98847575690514
"130","Scenario 2",33,104.722266789542,72.580937711713,4.08264932732243,0.168797628686706,23.2215659973845,2.49116943417087,1.90072425725616,0.241086173026735,17.356670088833,3.40457426598183,28.7897818731681,3.0433389058679,3.81018321608219,0.174218787717275,3.42241425499176,0.446205690601624,0.464303570920953,0.143314557621781,143.655208829615,48.8506457740689,527.436620530565,139.166189973815,120.083379305244,106.475783188532,26.9292251337425,4.97473868563188
"131","Scenario 2",34,106.921431259527,73.3835603649182,4.08777267450652,0.170769793993253,23.1455084984571,2.52618628066411,1.907891771676,0.242422749005566,17.2549866335251,3.42186151438927,28.8789938689622,3.05958522506359,3.81540259291202,0.175614016260688,3.43551570976061,0.448944694055979,0.46876775144178,0.146156506909438,145.064884056963,49.478316291107,527.786705441858,139.621586630434,121.57343070732,107.334922149252,26.825972422667,5.06772437160348
"132","Scenario 2",35,103.768030475329,68.4317819869667,4.08026921733099,0.158969658890358,23.2656045596642,2.33610025588014,1.89963958642629,0.229540014192835,17.3691661747648,3.24239703847884,28.7765918245767,2.90175699280343,3.80871281225943,0.165181290226586,3.41993380904714,0.425008862238298,0.460587344618786,0.132888785846424,144.347005743829,47.9000565229411,527.585316142419,139.736424029164,116.431992842171,100.572180752315,26.8577605443596,5.05227549341601
"133","Scenario 2",36,106.13027575884,69.4020802660258,4.08577356670373,0.161338809952232,23.1838313209978,2.3773707773181,1.90732473356446,0.231344440423055,17.2603363258216,3.26598526643557,28.8725642507761,2.92423041234851,3.81431579210507,0.166945413794467,3.43402754349905,0.428666500345566,0.46538313891948,0.136129544470852,145.651381897956,48.3680058317687,527.926055015562,140.231646727958,117.928278360298,101.463524889073,26.9106199973338,5.05852542912728
"134","Scenario 2",37,108.50241820985,70.3340374528266,4.09130320299255,0.163620697236998,23.1015590973687,2.41746028887504,1.91501338180675,0.232998249494522,17.1514625913126,3.28755061750081,28.9685099534471,2.94455586440501,3.81993075295368,0.168606529437867,3.44813097414753,0.432018942323455,0.470227026401749,0.139327359708672,147.050832052419,48.8743186443443,528.289390145653,140.728295496843,119.40871274563,102.321400215321,26.9567879767928,5.07003180391158
"135","Scenario 2",38,110.895463691004,71.2453897948233,4.09688435380663,0.165857750815281,23.0183659680547,2.45706146552606,1.92273382484878,0.234545639561554,17.0421503589958,3.30770884773541,29.0647728617367,2.96326947277774,3.82558081016042,0.170201206942246,3.46229708014822,0.435149149971525,0.475148297081718,0.142532105417327,148.537095457101,49.4162543619014,528.67154602308,141.253680361227,120.888952599598,103.169898859136,26.9667454921667,5.04773974372974
"136","Scenario 2",39,113.312972495117,72.1387460209995,4.10252544330474,0.168056176549427,22.9341196780975,2.49627337571521,1.93049599214674,0.235993425112891,16.9322590525597,3.32655521530448,29.1614728686097,2.98045467780978,3.83127374889942,0.171735010626265,3.47654444270243,0.438071338059044,0.48015582464802,0.145750791768224,150.102225388766,49.9843559157585,529.062882463065,141.766911914029,122.371084957788,104.016974510937,26.8980571832635,4.98491553305617
"137","Scenario 2",4,76.2763023798346,70.0272698963809,4.01698592621353,0.162065277809579,24.1627349413288,2.34745237689171,1.80019052030011,0.242647607823343,18.7949126441725,3.44775786553663,27.5385135933947,3.05189871175061,3.73962698931301,0.171966253529678,3.24115409254602,0.444214294318938,0.413414888236101,0.129393758527631,140.23465604551,42.5465787728097,513.486472153153,130.680138861787,106.538878723082,115.06012435017,27.3099899729327,4.9495095693545
"138","Scenario 2",40,115.741286948004,73.0175817158703,4.10819501572264,0.170224025889371,22.8492671181622,2.53521309114586,1.93825069902019,0.237353599423794,16.8224841657696,3.34426853754663,29.2579812684045,2.99624864639384,3.83697522804632,0.173216378031759,3.49078234634457,0.440806445464078,0.485226590075455,0.148990597775869,151.729508415781,50.5748090623519,529.470498977007,142.275578601691,123.856230961335,104.865807106057,26.9038212979546,4.97236617176939
"139","Scenario 2",41,118.205578402393,73.877774658397,4.11395135125678,0.17235147121159,22.7629631117948,2.57372200808934,1.94608463929889,0.238615505385665,16.711600397855,3.36069807301359,29.3553983035671,3.01052613791239,3.84274698975386,0.174636725250825,3.50517233763489,0.443337106503888,0.490406985974213,0.152240634448342,153.425334941721,51.1749533999279,529.875125048541,142.789628716243,125.35079073368,105.716757808376,26.9055514017608,4.9679068665955
"140","Scenario 2",42,120.688262439649,74.7164176247355,4.11975360661905,0.174431159694793,22.6758071840536,2.61165828253618,1.95393891863878,0.239776866913664,16.6004397255113,3.37582051146207,29.4529807422506,3.02326314493152,3.84854661624593,0.175992071725031,3.51960585026084,0.445658896987961,0.495663092920657,0.155488172376002,155.175258892502,51.7791372063201,530.299283615308,143.304699097204,126.850882399035,106.568180952876,26.9055514017608,4.9679068665955
"141","Scenario 2",43,123.19320630546,75.5344357047373,4.12561086427485,0.176465167984409,22.5876604554311,2.64904831341882,1.9618251993859,0.240841698643405,16.4888380955733,3.38969434613196,29.5508741040805,3.0345113044262,3.85438293681471,0.17728504260792,3.53410504092747,0.447780212671624,0.501003633879292,0.158734366085558,156.978558049764,52.3849112117349,530.751477398527,143.803226983281,128.356265966577,107.420441832697,26.9444367164542,4.9881146867601
"142","Scenario 2",44,125.713926608243,76.3278762474518,4.13150793716358,0.178443855899116,22.4987529738921,2.685724431668,1.96972341923762,0.241802357502687,16.377076853997,3.40221247151774,29.6488262306066,3.04418832058886,3.86024096818313,0.178508470773745,3.54863269842571,0.449688473964363,0.506414634753185,0.161965703056705,158.826213449021,52.9865647914139,531.184260112558,144.318636472508,129.865998172592,108.273782653906,26.4481374577617,4.9441772191113
"143","Scenario 2",45,122.97710736207,71.7225796350779,4.12494257930325,0.167404488979588,22.6067187581219,2.50431389918009,1.96324683471488,0.230609774680765,16.467246461757,3.24462243365108,29.571797232931,2.91258037959801,3.85472227487767,0.169155298773553,3.536578609833,0.429303317710238,0.498592400813308,0.148629054665134,158.586450786226,51.5110771246811,531.123141370057,144.464643707524,125.767132485634,102.981907393991,26.4491488584792,4.94030285007468
"144","Scenario 2",46,125.688313105319,72.7339914141432,4.13128996166625,0.16990352598961,22.5107638157281,2.54942098308166,1.97168154571679,0.23212425243663,16.3481238463818,3.26467834784469,29.6766457033081,2.92930808833521,3.86100053907,0.17083417563812,3.55213187739535,0.432262823901102,0.504455095630417,0.152441098032462,160.335279598685,51.9949454121697,531.613939652125,145.022504199557,127.299717135322,103.881993241315,26.4880080912057,4.96743877702382
"145","Scenario 2",47,128.401057304979,73.7036270834805,4.13764419771155,0.172306585392762,22.4145258934191,2.59317681442611,1.98007910408365,0.233485713683976,16.2295212318861,3.2827317384766,29.7809042225674,2.94379335033733,3.86726545900068,0.172405215196001,3.56762025959167,0.434911498077418,0.510363124026664,0.15619900735503,162.168886207276,52.5153538056213,532.117921788875,145.58920262886,128.823997454476,104.759845072915,26.5191180817583,4.9503639069178
"146","Scenario 2",48,131.126305837144,74.648175320247,4.14403150349915,0.174653669928534,22.317578718401,2.6362385542117,1.98846662072899,0.234734698042813,16.1110570784703,3.29935030987183,29.8848928342278,2.95652074874204,3.87353959309111,0.173902392867807,3.58309379986332,0.437325476146023,0.516346984784406,0.15995102239217,164.080239310741,53.0682078288166,532.658298122678,146.177639275111,130.350359923562,105.634031852985,26.5226478412825,4.94422235698805
"147","Scenario 2",49,133.863143282734,75.5656496623423,4.1504496767652,0.176939882225141,22.2199588436065,2.67851802315016,1.99684201013528,0.235867926088525,15.9927580595865,3.31448576988488,29.9885834386276,2.9674634182046,3.8798211171198,0.175322412141577,3.59854846561318,0.439500984591889,0.522404173593264,0.163689510977497,166.05643384454,53.6409256860469,533.240880005564,146.762245213598,131.883236487007,106.50984545396,26.5061872221546,4.95800534431941
"148","Scenario 2",5,67.2176250630314,59.4595170931523,3.99580870910726,0.137036026554081,24.4811855791268,1.95275015058222,1.77161320142257,0.213278062902163,19.1963266881651,3.04357211513804,27.178109383347,2.67709758361804,3.71847008879519,0.148843604096884,3.18806410171174,0.387915310632448,0.394371657312508,0.103457442876712,135.345274816992,39.2616169301667,513.537096671361,130.554066536285,93.1169134738072,97.0246297315373,26.9892426376403,4.87696310018773
"149","Scenario 2",50,136.594164753989,76.455966495192,4.15685812694656,0.179164586255797,22.1222712174722,2.71998115643747,2.00514909780648,0.236890703442746,15.8754121064427,3.32821911716076,30.0912627203306,2.97669468150709,3.8860688493298,0.176667344156399,3.61387945574936,0.44144776196391,0.528499419179355,0.167409006733765,168.080587441243,54.2257033328799,533.829720691114,147.345249086189,133.42055173038,107.390130742539,26.3408884097535,5.0176910485772
"150","Scenario 2",51,139.350912692065,77.3181149326839,4.16333036831377,0.181325080714084,22.0234228092706,2.76056792221489,2.0134902933635,0.237803777157045,15.7575845816503,3.34054834294686,30.1942379229746,2.98425926623625,3.89235773336701,0.177936701320556,3.62927945166577,0.443172294338599,0.534696032128137,0.171102362053268,170.160902375198,54.815016554073,534.44382523923,147.921274840849,134.969744887363,108.275340430193,26.3945940776547,4.99775160189458
"151","Scenario 2",52,142.112914028041,78.1498506003289,4.16981855692698,0.183415517114345,21.9241320937422,2.80015700933423,2.02180078309684,0.238607691007986,15.6401853737885,3.35148625271571,30.2966907402645,2.99017848972225,3.89863984395266,0.179128349259734,3.64462750564042,0.44467514204078,0.540951204461674,0.174757272261038,172.282463033159,55.4024668247197,535.106023485362,148.505163679301,136.527187174065,109.164446438313,26.4115357641727,4.97448194916708
"152","Scenario 2",53,144.878831855355,78.9490285462965,4.17631944895893,0.185430349109157,21.8244543916163,2.83863482025665,2.03007787684638,0.239302019898108,15.5232534338065,3.36101747395177,30.398594330574,2.9944824421996,3.90491269053198,0.180240090550443,3.65991879349207,0.445958701614955,0.547260531384248,0.178361483890128,174.441065445451,55.9823992438481,535.78310728962,149.095065660594,138.093350855725,110.058584725883,26.4198008496925,4.96012476123312
"153","Scenario 2",54,147.647512733796,79.7127082779472,4.18283018104448,0.187362464083994,21.7244419783424,2.87588079254036,2.03832008797816,0.239880265718019,15.4068073920135,3.36904320097581,30.4999323778094,2.99711203368621,3.91117443222483,0.181266334455098,3.67515002321618,0.447012716465017,0.553619615064253,0.181904928708113,176.633085714037,56.5522502267358,536.501863991237,149.687583706791,139.669018708273,110.957334925725,26.4489923666777,4.93384530430836
"154","Scenario 2",55,144.870014298714,75.1214609025234,4.17612447104824,0.17627945910798,21.8370180145056,2.68950461775349,2.03229878910192,0.229648722028197,15.4920724919652,3.22231915187038,30.4329399721688,2.88450304195643,3.90581058648156,0.172354792294923,3.6641823454343,0.428806258190788,0.545025924861478,0.167344378954909,176.620678988947,55.07556556328,536.667227718755,149.897378965946,135.943681906234,106.372498550394,26.4530611535185,4.92378443476951
"155","Scenario 2",56,147.833329058789,76.1429448723987,4.18310039894799,0.178831706792451,21.7294476996698,2.73705278647779,2.0410236678272,0.230822478092427,15.3689873657957,3.23857041999381,30.540240981185,2.89428053215994,3.91247422929079,0.17389326102505,3.68031790800791,0.430946470869101,0.551912759288894,0.17164390059919,178.691282635786,55.5514576377811,537.472114320159,150.591980087677,137.544169553075,107.313199125581,26.4532466252833,4.92308599671571
"156","Scenario 2",57,150.780159099998,77.1090737899621,4.19004118437563,0.181254253895023,21.6222182896359,2.78263018719204,2.0496527552338,0.23182419684719,15.2472187225696,3.2525736245331,30.6461631988751,2.90162051047468,3.91908152670247,0.175302325348261,3.69627630843503,0.432747541283895,0.55881089109809,0.175836525028522,180.836613300064,56.0569695186847,538.335043151165,151.303248100174,139.142645797461,108.24128412617,26.4532466252833,4.92308599671571
"157","Scenario 2",58,153.715322744055,78.032385150019,4.19695851211508,0.183576818879477,21.5151308422774,2.82670693327279,2.05819582732525,0.232688502248558,15.1266294253487,3.26481301241641,30.7508156812123,2.90695325685902,3.92564152552496,0.176609249267373,3.71207552272945,0.434274457588321,0.565735796790363,0.179954020379063,183.042084076669,56.5838375451587,539.233568360835,152.045489535988,140.745687842155,109.16955221929,26.4532466252833,4.92308599671571
"158","Scenario 2",59,156.637952493146,78.9131939523066,4.20385022974656,0.185799770436101,21.4082245960427,2.86926802859514,2.06665175174911,0.233420904358728,15.0072360184099,3.2753578740323,30.8541903755509,2.91037690260048,3.93215286302118,0.177816755960093,3.72771362617263,0.435539388506427,0.572684032991924,0.183991524339583,185.296768954345,57.1201431925081,540.200187500362,152.775925309323,142.355989789505,110.100627242674,26.4242116000997,4.86415902752821
"159","Scenario 2",6,68.505746042786,60.2705040135207,3.99878817657214,0.138955595595893,24.4381430499126,1.98295229256073,1.77608796087595,0.215545989424419,19.1326300793739,3.07444268743968,27.2341893469342,2.70667671713253,3.72163719771892,0.150629299278965,3.19620691548796,0.392382236645636,0.396730329398991,0.105412365884307,134.344909420227,39.2775349546263,514.500213582329,130.762563091409,94.4397944721892,97.9917211173137,27.1561759199689,4.88357704922175
"160","Scenario 2",60,159.52095128758,79.7444346739253,4.21065228106723,0.187906136084556,21.3025019644443,2.91003308527749,2.07494419166909,0.234004859952844,14.890101585779,3.28397211589085,30.9553340864654,2.91170564676783,3.93855588001049,0.178910752736972,3.74304692003689,0.436511924078593,0.579590218820123,0.187927617687596,187.575211342178,57.6566822673796,541.17727883941,153.529654551044,143.969231749963,111.036360676682,26.3128531933021,4.96616438453974
"161","Scenario 2",61,162.422270565631,80.5344128127772,4.2175008767065,0.189914808648355,21.1958742141057,2.94925583837891,2.0832465155465,0.234472327727267,14.772815904835,3.29107344198302,31.0564522412866,2.91141467775865,3.94498233334822,0.179913493331088,3.75840246481352,0.437258441397105,0.586583814270776,0.191770538909883,189.900016370781,58.1842320831586,542.235351208175,154.260808115193,145.61123323028,111.974554228101,26.3371007285563,4.96813124723112
"162","Scenario 2",62,165.311139605177,81.2757355310795,4.2243233814782,0.191808137020518,21.0894722538638,2.98665034799869,2.09147067810906,0.234804514115824,14.6566056121126,3.29639177895131,31.156441711151,2.90928894101241,3.95136390687954,0.180809637691691,3.77361406538524,0.43774384917424,0.593591847681629,0.195498879928735,192.25329689103,58.6969509244873,543.33093060458,155.020161698011,147.271940140236,112.915074184143,26.3442761674578,4.94752780679763
"163","Scenario 2",63,168.186944036793,81.9665695626881,4.23111813163205,0.193581145552143,20.983333668373,3.0221031978439,2.0996176750637,0.235004061187595,14.5414627402464,3.29994922971687,31.2553341321189,2.9054097375081,3.95770039914492,0.181598554031761,3.78868420959208,0.43797498879742,0.600609661138334,0.19909826392768,194.629664768479,59.1886956011915,544.484136657915,155.764141377807,148.952325880206,113.857088701308,26.3442761674578,4.94752780679763
"164","Scenario 2",64,171.04470675465,82.6058039910534,4.2378732272749,0.195230644338869,20.8776520120464,3.05553333838555,2.10767521639752,0.235074726104256,14.4275641463926,3.30178476037727,31.3529915233804,2.89986622706997,3.96398158837894,0.182280785835391,3.80359015514111,0.437960169596622,0.607623058565713,0.202557143508394,197.02058860334,59.6549721827726,545.675944601902,156.50545169523,150.651490290374,114.80009679638,26.4027171613546,4.95019596813328
"165","Scenario 2",65,168.135175838825,77.9859493267624,4.23080811323252,0.18400100256698,20.9984354130228,2.8624512067766,2.10189178628986,0.225696000049491,14.5114451204473,3.16380040578129,31.2942274694725,2.80550622062499,3.95858791912349,0.173723128555222,3.7932704218188,0.421588415825809,0.597951844776348,0.1865399262412,197.120996533996,58.1632741848629,546.31409324593,156.846448917693,147.359702338494,110.689732572611,26.4044472651609,4.94662014087346
"166","Scenario 2",66,171.194001011401,78.9055899183053,4.2380479330799,0.186331410266671,20.8846536364048,2.90754199626524,2.11039424289976,0.226335364359216,14.3913170681522,3.17370716720897,31.3969836909404,2.8060844527027,3.96526111505817,0.174927148621945,3.80898340688192,0.422556152892235,0.605571968214339,0.190921666414062,199.374150965323,58.552425749915,547.629023722998,157.741357394679,149.09782231889,111.658017557639,26.4070264818904,4.94397787147236
"167","Scenario 2",67,174.212881182151,79.748575267072,4.24519625152677,0.188478410617415,20.7721438825655,2.9496350202528,2.11874642248801,0.226783285394878,14.2732625033798,3.18105482738818,31.4977174614921,2.80418371808389,3.97183109904842,0.175972574991214,3.82441805933883,0.423160348415974,0.613135501324136,0.195096267578538,201.685835541607,58.9534567382294,549.031311111498,158.620888923324,150.84156250395,112.609770375205,26.4070264818904,4.94397787147236
"168","Scenario 2",68,177.197040261863,80.5281803625598,4.25226568055985,0.190473811876571,20.6606944253452,2.98925234793204,2.12695965109101,0.227072172808052,14.1571201297192,3.18629417511696,31.5965533997019,2.80019570435522,3.97830793741142,0.176886493648798,3.83959436695194,0.423460931866123,0.620658635399541,0.199101556864133,204.041450383405,59.3600153187644,550.482606515855,159.504627384917,152.596331926795,113.555487335159,26.4302944943866,4.93615801274806
"169","Scenario 2",69,180.147183834397,81.2452421157849,4.25925764759764,0.192319181448251,20.5502960676344,3.02639618450925,2.1350390187509,0.22720958425738,14.0428246233727,3.1895163837315,31.6935746994697,2.79425376226223,3.98469448348754,0.177672997030309,3.85452243502924,0.423473299310688,0.628139542773184,0.202932847631168,206.429578112593,59.7587113446226,551.998647215315,160.378901093452,154.364910029008,114.49913802164,26.5105660946022,4.96249208888987
"170","Scenario 2",7,69.8196424075394,61.0757638945876,4.0018279148781,0.140863339758152,24.3941934518295,2.01306358679198,1.78064385831359,0.217776077085837,19.067785675649,3.10476701268165,27.2912772263323,2.73574944885038,3.72486433388139,0.15239355218732,3.20449814100006,0.396778647548233,0.399143867363093,0.107374443420534,133.596030860763,39.4040101675157,515.418961589957,130.968531391944,95.7872112603177,98.947473396518,27.2773875142726,4.95562980890273
"171","Scenario 2",70,183.0433926814,81.8960515398767,4.26612467848491,0.194005212331323,20.441712819214,3.06089234780928,2.14293338842087,0.227192411657153,13.9310967094565,3.19066890160916,31.7881735807536,2.78635667659522,3.99094899183975,0.17832693087339,3.86910774086621,0.423192693985513,0.635524588651214,0.206573702598208,208.829501709818,60.1417984376613,553.538207473353,161.244804120332,156.144719052858,115.443189108042,25.4558113520312,5.04541959635063
"172","Scenario 2",71,185.924266244718,82.4878744109737,4.27295796901891,0.19554896412974,20.3335203736423,3.09299918260759,2.15075216530775,0.227041041543106,13.8204137518763,3.19000067847205,31.8817196392767,2.776812972837,3.99715664358791,0.178864787087047,3.88355381829953,0.422660791458881,0.642905970772905,0.210035870237945,211.250775034341,60.5026517418423,555.154302075545,162.08857216082,157.942805064579,116.386014778061,25.46182179641,5.03005057100268
"173","Scenario 2",72,188.768391290362,83.0184990104455,4.27970663424778,0.196944663933461,20.2265295069442,3.1225975224527,2.15843844313552,0.226756638985102,13.7115771187206,3.18752012601538,31.9735283061854,2.76567076121645,4.00327175647555,0.179284703876677,3.89775496479962,0.421880169758113,0.650227950273492,0.213306474172904,213.680833124678,60.8363917278418,556.792979893701,162.930370585798,159.755702271052,117.329506891597,25.5172083021799,5.0754500203439
"174","Scenario 2",73,191.572916187048,83.4867864600069,4.28636362104707,0.198189287743246,20.1208676368667,3.14962208051637,2.16598821216124,0.226340203472335,13.6046492868651,3.18322713794643,32.0635732836554,2.75297555170211,4.00928972609577,0.179585985449739,3.91170413099407,0.420853299646625,0.657479091769748,0.216377006915405,216.112519144164,61.1398684444166,558.480865689462,163.74470516405,161.580850566947,118.272249351615,25.5258414332331,5.05957804839255
"175","Scenario 2",74,194.339063124156,83.896261670097,4.29293174315889,0.199290963493439,20.0164948532667,3.1741890966478,2.1734058886443,0.2258043049528,13.4995728136407,3.17728618056866,32.1519194216276,2.73890716332283,4.01521364194685,0.179777529913101,3.92540939506937,0.419604237837424,0.664660996427162,0.219252330251437,218.542078341535,61.4100026371848,560.215274759032,164.552556778759,163.419843123207,119.215684160186,25.5294958065993,5.0528398921909
"176","Scenario 2",75,191.089335217031,79.1541780079349,4.28501104640981,0.187699708992831,20.1534735825794,2.97142001875783,2.1673266071097,0.216950644443833,13.5897922785895,3.04358046233247,32.0952960178305,2.65781286307275,4.0093530798036,0.171332509065264,3.91471806111636,0.404289780182242,0.653329487138279,0.201631654010231,218.583592022975,59.8195586683444,561.331642352478,164.894055072189,160.426336997972,115.386072706729,25.5294958065993,5.0528398921909
"177","Scenario 2",76,194.069229138773,79.8751466803624,4.29209808736532,0.189563497725229,20.0402356425929,3.00935113648067,2.17517065103587,0.216979949415245,13.4785835015448,3.04598006021688,32.1880515598057,2.64900485623692,4.01567365375068,0.17207314686955,3.92917679437103,0.403980625098568,0.661215147484774,0.205638828027299,220.860694299062,60.0322430692301,563.199287962303,165.845298267437,162.293069954126,116.343551786915,25.5294958065993,5.0528398921909
"178","Scenario 2",77,196.988565987376,80.5120479878125,4.29904335658943,0.191223631186136,19.9291407672098,3.04381839373213,2.18282626732727,0.216831054897764,13.3699969321324,3.04593567171749,32.2784033636186,2.63810207463597,4.02185391062852,0.17265373742182,3.94328843044951,0.403345546068926,0.668973359719103,0.209379227286979,223.182074988553,60.2499963718234,565.14349399825,166.779718362185,164.161135757737,117.286082260026,25.529742136287,5.05178103913803
"179","Scenario 2",78,199.855710614781,81.0767509867386,4.3058668402256,0.192708708941978,19.8198646119506,3.07529993647528,2.19031428679622,0.216530965025089,13.2637391712568,3.0438228396256,32.3665967778313,2.62542270850166,4.02791109098987,0.173097644282737,3.95709061361928,0.402433688445462,0.676627192651011,0.212888791916414,225.535238174726,60.464262109735,567.117623295254,167.68808117194,166.036784178401,118.220520022438,25.5341470907015,5.04282246117897
"180","Scenario 2",79,202.675135087201,81.5740850750795,4.31257903728924,0.194030233266099,19.7122468518178,3.10398114967712,2.19764824613451,0.21609251111217,13.1596243881135,3.03981288014924,32.4528081292782,2.61113579786822,4.03385541911016,0.173415143912369,3.97060848059201,0.401268750905275,0.684186237885873,0.216179820353093,227.910491143723,60.6668911704343,569.152831922009,168.588376101001,167.921921185872,119.152042174833,25.5895335964714,5.09852576541919
"181","Scenario 2",8,71.1644597178511,61.8878862543124,4.00494023612782,0.142789140907514,24.3491360155622,2.04355867049703,1.78529347788414,0.220002452074926,19.0016240224845,3.13501091044538,27.3495347479333,2.76475548292518,3.72816210043122,0.154163608202324,3.21296252635845,0.401171049410384,0.401626184593847,0.109375130484958,133.056279355254,39.6242108165776,516.278665820452,131.19692135912,97.1666371231155,99.9131417795409,27.3527557047058,4.94838140068111
"182","Scenario 2",80,205.426293456904,82.0029080547779,4.31913079472879,0.195184576425831,19.6070885495376,3.12975585495653,2.2047777876957,0.215525055900468,13.0583723048508,3.03401834570915,32.5364645017682,2.59542764244495,4.03964486614573,0.173608894954539,3.98374990607405,0.399871007420387,0.691592030814499,0.219236896675042,230.286105487066,60.8490747364579,571.204772999948,169.449811914292,169.813105681229,120.083479517497,25.5896118423722,5.09831830805994
"183","Scenario 2",81,208.148500118818,82.3719871152767,4.3256155703313,0.196193376516004,19.5028987610461,3.15301037170048,2.21180695553122,0.214840034423753,12.9585208441232,3.02658250182343,32.6188192512202,2.57841592176891,4.04536304868118,0.173693062792778,3.99670575398486,0.398259893006345,0.698946849475491,0.222089567970157,232.672134837973,61.0088947824695,573.295233955243,170.290353237292,171.719917818802,121.014256799632,25.5896118423722,5.09831830805994
"184","Scenario 2",82,210.824416557992,82.6801500252268,4.33199189129118,0.197053143173128,19.4003530064599,3.17365189983943,2.2186931636885,0.21404396009752,12.8606779990001,3.01758183848633,32.6993860503209,2.56023492137466,4.05097445214515,0.173669080917623,4.00939791665641,0.396449386255968,0.706201478085105,0.224725134231832,235.057549326795,61.1416531193303,575.428051445231,171.085808105613,173.63634195835,121.945718892037,25.66751577959,5.1611200110784
"185","Scenario 2",83,213.452900242272,82.9282192528748,4.33825681886637,0.197765719591977,19.2995102670468,3.1917038960684,2.22543626093512,0.213140417630625,12.7648516319579,3.00705399487751,32.778181852784,2.54094981908681,4.05647782543265,0.173539336217272,4.02182613994159,0.394446415823431,0.713349592638991,0.227143048296891,237.435412625411,61.2428022175121,577.582868494723,171.87344774882,175.562328738332,122.876969633984,25.6736131638585,5.15753407917463
"186","Scenario 2",84,216.038470944689,83.119334069479,4.34442101513532,0.198338493667459,19.2002049190439,3.20728063998926,2.23204926983217,0.21213890052318,12.6708632120644,2.99512428747054,32.8553743712661,2.52068973782287,4.06188322632498,0.173310978521863,4.03401444393456,0.392268491446388,0.720401515780682,0.22934994165352,239.804397321092,61.3138097194526,579.772819982264,172.634912100962,177.499694166784,123.80971331358,25.6607895301189,5.17846264958751
"187","Scenario 2",85,212.338037221865,78.3557235684379,4.33538615460425,0.186654974743626,19.3572803757804,3.00083515259588,2.22532855273081,0.203751872622253,12.7720733281083,2.86589311051749,32.7961553660638,2.44940527128322,4.0552971499267,0.165040925485371,4.02228462717983,0.377785999169561,0.70718889373831,0.210923208996536,239.685877855251,59.6868294731055,581.304749526178,172.90800195361,174.602371934558,120.145942366458,25.6892362620484,5.18391143039385
"188","Scenario 2",86,215.178996406485,78.9027115578833,4.34217262740451,0.188102049157089,19.2472237137118,3.0319349313454,2.23242179966321,0.203352837346107,12.6710070433397,2.86313970510791,32.8778956503938,2.43413012619337,4.06116388116323,0.16542071352832,4.03530987468363,0.376603476678131,0.715123829020545,0.214498910861853,241.905317913095,59.7396735167277,583.623030376797,173.836305883856,176.559711512115,121.087719824083,25.6893145079492,5.1837058360638
"189","Scenario 2",87,217.949823399002,79.3626385434304,4.34879303327322,0.189336364688633,19.1397809953507,3.05931814435305,2.23932105361224,0.202793013861822,12.5726684411129,2.85810666035906,32.9572796026676,2.41718635146201,4.06687812280149,0.165645152332873,4.04798039116722,0.375138950937352,0.722884672474507,0.217767925580361,244.163906701906,59.7959538402599,585.991085763303,174.71472876373,178.515672736223,122.013670257658,25.7122115769157,5.20075896850425
"190","Scenario 2",88,220.659786237995,79.7498369930768,4.35526971653677,0.190392690977755,19.0345787862511,3.08357840687389,2.24604681266834,0.202101925027458,12.4767632039123,2.85121235992033,33.0345291908555,2.39889636008423,4.07245787835324,0.165741139450939,4.06033216034558,0.373445096930121,0.730499933156379,0.220777340336508,246.448106504263,59.84582073996,588.39569386726,175.578050085944,180.474141144724,122.931616202259,25.7675980826856,5.25284975579559
"191","Scenario 2",89,223.314404406693,80.069579495401,4.36161574240857,0.191283644634446,18.9314116782987,3.10492211593236,2.25261440159803,0.201292775602626,12.3830805182244,2.84263415223014,33.1098386942213,2.3794281482004,4.07791518614557,0.16571954006365,4.07239322463168,0.371545646672672,0.737982852816771,0.223541388948023,248.746783163221,59.8845257232078,590.831024789461,176.396415026469,182.438927253744,123.845475819092,25.7531747549744,5.29303904400275
"192","Scenario 2",9,72.5426318269548,62.7131568213437,4.00813104178388,0.144748034404515,24.3028703074691,2.07468280249912,1.79004176813715,0.22224073190507,18.9340794411023,3.16538772005639,27.4090235627183,2.79389146164338,3.7315351034866,0.155952460614359,3.22160982376218,0.405589473962853,0.404184817869757,0.111431677170141,132.695299365918,39.9264166830455,517.112089281471,131.431795956144,98.5811408793216,100.900227930565,27.4216903432966,4.95622285430862
"193","Scenario 2",90,225.891479734312,80.317498867506,4.36777760322053,0.191998083871483,18.8311733981677,3.12313143888816,2.25897459670191,0.20036447837445,12.2923319883406,2.83233288790364,33.1826804288663,2.35884385147338,4.08320679445508,0.165575358668746,4.08407466716171,0.369441481756747,0.745264620113216,0.226037863531321,251.039228014351,59.9042451363837,593.264891643917,177.17088538724,184.40492102346,124.756769928542,25.1496351422626,5.26628168866881
"194","Scenario 2",91,228.439710380043,80.5113179527099,4.37387207487565,0.192579176771577,18.7319460775725,3.13894975645745,2.26524323560599,0.199349342078301,12.2028725904998,2.82076570316157,33.2543755386198,2.33746418828514,4.08843083926361,0.165340444902073,4.095586103989,0.367187089650114,0.752486095019338,0.228324289483153,253.338536891493,59.9039268432952,595.723730822509,177.926244402371,186.386151505618,125.668730385951,25.1765575281251,5.27388326132247
"195","Scenario 2",92,230.936778265607,80.6452764191844,4.37984538156591,0.193012680679385,18.6346268026377,3.15212109964438,2.27137055928719,0.198239823335038,12.1154182261482,2.80780907870857,33.3243834550471,2.31525255895888,4.09354371176582,0.165005667986365,4.1068375341864,0.364770471480183,0.759578638945451,0.230377905078543,255.629963056343,59.8788457956755,598.203973732561,178.6234202821,188.375606451774,126.581007591569,25.1799713677963,5.27409833158735
"196","Scenario 2",93,233.385653715521,80.7221572141722,4.3857045123554,0.1933053027692,18.5391079851008,3.16275741675044,2.27736535666644,0.197041989719971,12.0298483404296,2.7935388468764,33.3928173269114,2.29228907856163,4.09855209616473,0.164576473155432,4.11784467675936,0.362202822871128,0.766548757571706,0.232206188879453,257.910937217808,59.8284468277795,600.70212104351,179.282266454566,190.372873168539,127.49349581945,25.1801568395611,5.27356517221374
"197","Scenario 2",94,235.787124208123,80.7471700350417,4.39145137666595,0.193469571306644,18.4453571300657,3.17106697717218,2.28322922897111,0.195768135257886,11.9461399401798,2.7781268002729,33.4596931827128,2.2687167225774,4.10345744624659,0.164063250557676,4.12860987233192,0.359506206163441,0.773398960972924,0.233824714066709,260.176823917743,59.7524099015313,603.217941205451,179.923885457872,192.379866265195,128.407321965341,25.1805277830908,5.27257132657705
"198","Scenario 2",95,231.686265491239,76.0192721579496,4.38142279298568,0.181843961673589,18.6205582817617,2.96414249845728,2.27598836058363,0.187848906243677,12.056575140778,2.65395037477179,33.3991936235887,2.2060228757671,4.09624756458701,0.1560196583922,4.1160577722862,0.345848539045042,0.758452296763093,0.215019736780081,259.880414700376,58.1694602095999,605.040319822874,180.085037474163,189.572709659703,124.884792636732,25.2366677679053,5.29429854646219
"199","Scenario 2",96,234.391653057676,76.4401387987409,4.38791201940088,0.182983178673263,18.5138837563713,2.98988501440466,2.2823999773028,0.187213031309301,11.9646366481881,2.64848785832664,33.4708831392288,2.18724205523927,4.10169170245258,0.156169488778639,4.12776842603413,0.34420583779982,0.766388655642401,0.21821047276716,262.00898718506,58.1168377375854,607.654774159146,180.905649635496,191.594898707351,125.802313631995,25.2366677679053,5.29429854646219
"200","Scenario 2",97,237.015437678589,76.7747785077289,4.39420654002907,0.183910091111551,18.4103545142459,3.01183607030636,2.28860492159731,0.186438437145549,11.8756338341863,2.64097825277722,33.5401735679072,2.16725019239246,4.10696627123559,0.156174368640222,4.13910291586999,0.342330749220418,0.774101126707842,0.221070954799448,264.171075573948,58.0660351008738,610.316458300731,181.674799950349,193.611631248977,126.704163807156,25.2366677679053,5.29429854646219
"201","Scenario 2",98,239.56794929086,77.033657251315,4.40033113457077,0.184650429049464,18.309563101672,3.03045293891771,2.29462764912264,0.185542226238853,11.7892177066991,2.63166928079298,33.6073396541369,2.14620317074967,4.11209201121091,0.156052060118574,4.15010487623553,0.340251729700626,0.781619788030333,0.223640080175362,266.351623017046,58.0108891271457,612.992896431407,182.419404901874,195.628290274116,127.595413057018,25.2860409313001,5.32494144165669
"202","Scenario 2",99,242.056589301757,77.2249445590849,4.40630355007272,0.1852239008577,18.2112181137378,3.04606639284355,2.30048578073206,0.184542743555272,11.7051405345661,2.6208174643951,33.6725858165476,2.12431002028762,4.11708383275276,0.155818476557456,4.16080579180415,0.338000919773311,0.788965770361315,0.225942867021805,268.541182327439,57.9445045127897,615.679681857963,183.115272750299,197.648750640236,128.481874121786,25.2811201335397,5.31386268711119
